CUSTOMER,FULLNAME,TAXPAYER
106056,"შ.პ.ს ""ე.კ.ფიფიას სახ.წალენჯიხის ცენტრ.საავადმყოფო""",999999187
105999,"შპს ""თბილისის გულისა და სისხლძარღვთა კლინიკა""",999999130
106030,"შპს ""სიხარული""",999999161
106239,"შპს ""ნიუ ჰოსპიტალს""",999999370
105928,"შ.პ.ს.""ინფექციური პათოლოგიის შიდსისა და კლინიკური იმუნოლოგიის ს/პ ცენტრი""",999999059
105897,"შ.პ.ს."" მედულა""ქიმიოთერაპიისა და იმუნოთერაპიის კლინიკა",999999028
106087,შპს ბაგი,999999218
105985,შპს პიტ–სტოპ,999999116
106004,"შპს ""კონსტანტინე მადიჩის სახ. მამოლოგიის ცენტრი""",999999135
106011,"შპს ""ნეოდენტი""",999999142
106113,"შპს ""მარტვილის მრავალპროფილიანი საავადმყოფო""",999999244
106208,"შპს ""მესტიის საავადმყოფო-ამბულატორიული გაერთიანება""",999999339
105871,სს ექსპრეს სერვისი,999999002
106201,სტომატოლოგიური კლინიკა “ეფლდენტი“,999999332
106151,"შპს ""მედიქალი'",999999282
105947,შ.პ.ს #5 კლინიკური საავადმყოფო,999999078
106182,სს „სამედიცინო კორპორაცია ევექსი“ - ჩხოროწყუს ჰოსპიტალი,999999313
106170,ინდ. მეწარმე თეონა თათელიშვილი,999999301
105916,სტომატოლოგიური კლინიკა ი/მ ეკატერინე კუტალია,999999047
106144,"შპს ""უნიმედი აჭარა"" შუახევი",999999275
105885,"სტომატოლოგიური კლინიკა ""ფენიქსი""",999999016
105942,"შ.პ.ს.""გეოლაბი""",999999073
105890,"შ.პ.ს.""სამედიცინო ცენტრი ციტო""",999999021
105973,დენსი–გარდაბანი,999999104
106246,"შპს ""ნათელა პატარკაციშვილის სახ.მრავალპროფილური კლინიკა დედაშვილობა""",999999377
106184,"შპს ""ესთედენტი""",999999315
106018,ი.მ. გურამ ალადაშვილი,999999149
105904,"შ.პ.ს ""ყელ–ყურ–ცხვირის სნეულებათა ეროვნული ცენტრი ჯაფარიძე–ქევანიშვილის კლინიკა""",999999035
105980,"შპს ""სხივური დიაგნოსტიკის ცენტრი დიღომი""",999999111
105878,"შ.პ.ს ""ბარნოვის სახელობის ჰოსპიტალი",999999009
106037,"შპს ""უნიმედი სამცხე""",999999168
106220,"შპს ""დენტალარტი""",999999351
106163,შპს „ემ-ემ-ტე ჰოსპიტალი“,999999294
105923,"შ.პ.ს.""სამედიცინო ცენტრი იუნონა""",999999054
106106,"შპს ""ალიანს მედ სერვისი""",999999237
105935,"შ.პ.ს.""მერამედი|""",999999066
105961,"შპს ესთეტიკური სტომატოლოგიის ცენტრი ""ელიტი""",999999092
106049,"შ.პ.ს ""აეროპორტის მრავალპროფილიანი პოლიკლინიკა""",999999180
105909,"შ.პ.ს.""რეფერალური ჰოსპიტალი""",999999040
106241,"შპს ""ექიმთა დახელოვნების უროლოგიისა და გადაუდებელი დახმარების კლინიკა""",999999372
106044,"შპს ""აკადემიკოს ვახტანგ ბოჭორიშვილის კლინიკა"" სხვა",999999175
105966,"შპს ""ქირურგიული კლინიკა სალვე""",999999097
106189,"შპს ""უნიმედი აჭარა"" ქობ.რეგიონული საავადმყოფო",999999320
106023,"შპს""დიაბეტის ენდოკრინული და გულ-ფილტვის დაავადებების ცენტრი""",999999154
105992,"შპს ""პირველი კლინიკური""",999999123
105930,"შ.პ.ს.""ქ.ბათუმის #4 პოლოკლინიკა""",999999061
105911,"შ.პ.ს.""აკად. გ.ჩაფიძის სახ.გადაუდებელი კარდიოლოგიის ცენტრი""",999999042
105913,"შ.პ.ს.""კარდიოექპრეს–დიაგნოსტიკა""",999999044
105899,შპს ს. ხეჩინაშვილის სახელობის საუნივერსიტეტო კლინიკა,999999030
106234,"შპს ""პირველი საავადმყოფო""",999999365
106108,"შპს ""კლინიკა რუსთავი""",999999239
105873,"სს.""ტრავმატოლოგი""",999999004
106027,"შპს""ნეოდენტი""",999999158
105970,"შპს""დენსი-რუსთავი""",999999101
106020,"სსიპ ""გ.აბრამიშვილის სახელობის საქართველოს თავდაცვის სამინისტროს სამხედრო ჰოსპიტალი""",999999151
106148,"შპს ""უნიმედი კახეთი""-ახალი სიცოცხლე",999999279
105918,"შ.პ.ს""იმედის კლინიკა""",999999049
105927,"შ.პ.ს ""რადიოლოგიური კლინიკა""",999999058
106153,"სს""საჩხერის რაიონული საავადმყოფო-პოლიკლინიკური გაერთიანება""",999999284
105975,"შპს ""ბათუმის სამშობიარო სახლი""",999999106
106158,სს სამედიცინო კორპორაცია ევექსი  ხონის ჰოსპიტალი,999999289
105949,შპს ქ. თბილისი მ.გურამიშვილის სახ. პედიატრიული კლინიკა,999999080
106229,"შპს ""დიაგნოსტიკური კლინიკა აირმედი""",999999360
106053,"შ.პ.ს. ""დენტალ მედი""",999999184
106051,"შ.პ.ს. ""უჯრედული ტექნოლოგიებისა და თერაპიის ცენტრი""",999999182
106202,"შპს ""სმაილი"" იოსებ მდინარაძე",999999333
106046,"შპს ""პარაცელსი""",999999177
105953,"სს ""გურჯაანის რაიონული საავამდყოფო""",999999084
105996,ი/ს ნანა კვანტალიანი,999999127
106205,ხომასურიძის რეპროდუქტოლოგიის ინსტიტუტი,999999336
105894,"შპს. ""აკად. ნ. ყიფშიძის სახელობის ცენტრალური საუნივერსიტეტო კლინიკა""",999999025
106103,"შპს ""ქუთაისის ცენტრალური საავადმყოფო""",999999234
106222,"შპს ""სანიტასი""",999999353
106048,"შ.პ.ს ""ხონელიძის კლინიკა"" შპს",999999179
105956,სტომატოლოგიური კლინიკა PS DENTAL,999999087
105946,სს აკად. ო. ღუდუშაურის სახ. ეროვნული სამედიცინო ცენტრი,999999077
106248,საქართველოს შინაგან საქმეთა სამინისტროს სსიპ 122,999999379
106098,"შპს ""ბომონდი""",999999229
105967,"შპს ""საოჯახო მედიცინის რეგიონული ცენტრი""",999999098
106155,"სს ""სამედიცინო კორპორაცია ევექსი"" ტყიბულის ჰოსპიტალი",999999286
106088,"შპს ""ხობის რაიონული ცენტრალური საავადმყოფო",999999219
106215,სტომატოლოგიური კლინიკა მედი-დენტ+,999999346
106101,"შპს ""ალიანსი მედიცინასთან""",999999232
106055,"შპს ""აჭარა უნიმედი"" ბათუმის რეფერალური საავადმყოფო",999999186
106006,"შპს ""ოქროს საწმისი XXI საუკუნე""",999999137
106236,შპს ჯთსერვისი,999999367
106224,"შპს ""მრავალპროფილური კლინიკა კონსილიუმ მედულა""",999999355
106032,"შპს ""თელავის რაიონული სააავადმყოფო""",999999163
106017,"შპს""ღია გული-საუნივერსიტეტო ჰოსპიტალი""",999999148
106079,შპს სოს ასისტანსი,999999210
106181,თსსუ ალ.ალადაშვილის სახელობის საუნივერსიტეტო კლინიკა,999999312
106022,"შპს""ქ.თბილისის ონკოლოგიური დისპანსერი""",999999153
106226,"შპს ""სმაილ დენტი""",999999357
106196,"თბილისის სახელმწიფო სამედიცინო უნივერსიტეტის ""პირველი საუნივერსიტეტო კლინიკა""",999999327
105937,"შ.პ.ს.""ალერგიისა და იმუნოლოგიის ცენტრი""",999999068
106001,მ.შარაშიძის სამედიცინო ცენტრი,999999132
106250,"სს""სამედიცინო კორპორაცია ევექსი""-ხობის ჰოსპიტალი",999999381
105934,"ი.მ ""ზაზა ხატიაშვილი"" სტომატოლოგიური კლინიკა",999999065
106039,"შპს ""იმერეთის რეგიონალური კლინიკური საავადმყოფო""",999999170
106243,"შპს ""ინტერმედი""",999999374
106002,"შპს ""ლითოტრიფსია""",999999133
105888,"ინდ.მეწარმე თეა გზირიშვილი სტომატოლოგიური კლინიკა ""ნიუ–დენტი""",999999019
105995,"შპს ""გულისა და სისხლძარღვთა კლინიკა""{",999999126
105876,შ.პ.ს დავით ტატიშვილის სამედიცინო ცენტრი სხვა,999999007
105932,"შ.პ.ს.""მეზღვაურთა სამედიცინო ცენტრი""",999999063
106116,"შპს ""ჩიჩუების სამედიცინო ცენტრი - მზერა""",999999247
105920,"შ.პ.ს.""სისხლძარღვთა და გულის დაავადებათა ცენტრი""",999999051
105948,"შპს""კანისა და ვენსნეულებათა ს/კ ეროვნული ცენტრი""""",999999079
106145,"შპს ""უნიმედიმ კახეთი""თბილისის რეფერალური ჰოსპიტალი",999999276
105965,"შპს ""ქალთა კონსულტაცია – მომავალი""",999999096
105915,"შ.პ.ს ""პედიატრი""",999999046
105941,"შ.პ.ს.""კარდიოსერვისი""",999999072
106160,"შპს ""სტომატოლოგიური ცენტრი""",999999291
106139,"შპს ""მედალფა""ლანჩხუთის კლინიკა",999999270
105881,"შ.პ.ს. ""სამკურნალო–სადიაგნოსტიკო ცენტრი სამგორი მედი"" შპს",999999012
105962,"შპს ""სახალხო აფთიაქი""",999999093
105994,"სს ""ქ. რუსთავის ცენტრალური საავადმყოფო""",999999125
105907,შ.პ.ს ბელადენტი,999999038
105968,"სს ""ჯიპისი""",999999099
105875,"შ.პ.ს. ""ახალი მზერა""",999999006
106010,"შპს ""ჯეო–მედი""",999999141
106219,"შპს ""ახალი სამედიცინო ცენტრი"" დმანისის საავადმყოფო",999999350
105936,"შ.პ.ს.""დენტალ–ექსპრესი""",999999067
106212,შპს „პინეო სამედიცინო ეკოსისტემა“,999999343
106090,"შპს ""ბიოდენტი""",999999221
106150,"შპს ""ინტერმედიკა""",999999281
106013,"ჯანმრთელობის ცენტრი ""მედინა""",999999144
105910,"შ.პ.ს სტომატოლოგიური კლინიკა""ალბა–დენტი""",999999041
106119,"შპს ""სითი დენტი""",999999250
106192,"შპს ""სააქიმო""",999999323
106177,რუსთავის N2  სამკურნალო დიაგნოსტიკური ცენტრი” სხვა,999999308
106063,"შპს ""ალსს"" სასწრაფო და გადაუდებელი დახმარების საავადმყოფო",999999194
106024,"შპს""პრიმა დენტი""",999999155
106207,ი.მ ნიკოლოზ ტალახაძე,999999338
105922,"შ.პ.ს.""შენი აფთიაქი""",999999053
105943,გადაუდებელი ნევროლოგიური კლინიკა,999999074
105886,"შ.პ.ს ""ბეიბიმედი""",999999017
106100,"შპს  საქართველოს საპატრიარქოს კლინიკა ""უპოვართათვის""",999999231
106172,"სს ""კურაციო"" დახურული სააქციო საზ",999999303
106137,ფარმადეპო შპს,999999268
106064,"შპს ""სპორტული მედიცინისა და რეაბილიტაციის ცენტრი""",999999195
105972,"შპს ""სამედიცინო ცენტრი მედინვესტი""",999999103
106026,"შპს""ჰეფი სმაილი""",999999157
106209,თსსუ პირველი საუნივერსიტეტო კლინიკა,999999340
105924,"შ.პ.ს.""კარდიო–რეანიმაციული ცენტრი""",999999055
106009,"ს.ს ""თანამედროვე სამედიცინო ტექნოლოგიები""",999999140
106114,"შპს ""თქვენი კლინიკა""",999999245
105964,"შპს ""საგზაო პოლიკლინიკა""",999999095
105977,"შპს ""კობოს კვლევითი ცენტრი დ. აბელოფის ლაბორატორია""",999999108
105887,"შ.პ.ს""დავით გაგუას კლინიკა""",999999018
105944,"შპს.""სტომატოლოგიური კლინიკა ""ჰეფი დენტი""",999999075
106014,"ინდ. საწარმო ეკატერინა კუტალია–""ეკადენტი""",999999145
105880,"შ.პ.ს ""დეკა""",999999011
105981,"შპს გადაუდებელი ნევროლოგიის კლინიკა ""ნევროლოგი""",999999112
106035,"შპს""იკამედი ფოთი""",999999166
105892,"შ.პ.ს.""ავერსის კლინიკა""",999999023
106199,კლინიკა რუსთავი სხვა,999999330
106095,"სს ""ჩემი ოჯახის კლინიკა"" ხონის რაიონული საავადმყოფო",999999226
106038,"სს ""ფოთის ცენტრალური კლინიკური საავადმყოფო""",999999169
106183,"სტომატოლოგიური კლინიკა ""ლაიფ დენტი""",999999314
106007,შპს ფერომედი,230010099
106112,"სს ""სამედიცინო კორპორაცია ევექსი"" ქუთაისის რეფერალური ჰოსპიტალი",999999243
106175,"შპს ""მედიჰელფი""",999999306
106221,შპს სმაილ პლიუსი(ფოთი),999999352
106019,"შპს ""KARAGO""",999999150
106058,"შპს ""ჰელსი თ.ე""",999999189
105939,"შ.პ.ს.""კარდიონეტი""",999999070
106120,"შპს ""საგიტარიუსი""",999999251
106016,შპს წყალტუბოს რ/საავადმყოფო,999999147
106213,"შპს ""იდეალდენტი""",999999344
105902,შპს ამტელ ჰოსპიტალი პირველი კლინიკერი,999999033
106034,"შპს ""ნათია 777""",999999165
106217,"სტომატოლოგიური კლინიკა ""ზენ დენტალი""",999999348
106164,„შპს რეფერალური დახმარების ცენტრი“,999999295
106062,"ზუგდიდის მრავალპროფილიანი კლინიკური საავადმყოფო ""რესპუბლიკა""",999999193
105983,"შპს ""ბათუმის რესპუბლიკური საავადმყოფო""",999999114
106218,შპს დავით ტატიშვილის სპორტული მედიცინისა და რეაბილიტაციის ცენტრი,999999349
106121,"შპს ""წმინდა ლაზარეს კლინიკა""",999999252
106143,"ს.ს სამედიცინო კორპორაცია""ევექსი"" თერჯოლის ჰოსპიტალი",999999274
106197,"შპს ""მედიქლაბ ჯორჯია""",999999328
105997,"შპს ""ალგანი დენტი""",999999128
105963,"შპს ""ჯეო ჰოსპიტალს""",999999094
106173,"სს ""სამედიცინო კორპორაცია ევექსი"" წალენჯიხის ჰოსპიტალი",999999304
105960,"შპს ""ზიბექსი""",999999091
106169,"შპს ""ქიქავა 2014""",999999300
106118,შპს არჩილ თამასიძის სტომატოლოგიური ცენტრი,999999249
106012,"შპს სამედიცინო ცენტრი ""სალვე""",999999143
106041,"შპს ""აკად. ზ.ცხაკაიას სახ. დასავლეთ საქართველოს ინტერვენციული მედიცინის ეროვნული ცენტრი""",999999172
106211,"შპს ""სითი სმაილი""",999999342
106097,"შპს ""გორმედი""",999999228
106059,"შპს სტომატოლოგიური კლინიკა ""გეო დენტი""",999999190
106242,"შპს ""ივანე ბოკერიას სახელობის თბილისის რეფერალური ჰოსპიტალი""",999999373
105957,"შპს ""ბავშვთა ახალი კლინიკა""",999999088
106156,"შპს ""უნიმედი აჭარა"" ქ.ქუთაისის ""ონკოლოგიის ცენტრი""",999999287
106244,შპს თბილისის გულის ცენტრი - ძველი,999999375
106187,"შპს ""გიმა"" სტომატოლოგიური კლინიკა ""ცედექსი""",999999318
105919,"შ.პ.ს.""ინტერკლინიკა""",999999050
105982,"შპს კლინიკა ""გიდმედი""",999999113
106190,პრაიმ დენტალ ცენტრი,999999321
105912,"შ.პ.ს.""იმუნიზაციის ცენტრი""",999999043
105969,"შპს""აჭარის  ონკოლოგიის ცენტრი"" სხვა",999999100
105882,"შ.პ.ს ""სამკურნალო დიაგნოსტიკური ცენტრი#6""",999999013
106085,"შპს ""გადაუდებელი ქირურგიისა და ტრავმატოლოგიის  ცენტრი""",999999216
106080,შპს ექსპერტ ჯგუფი,999999211
106223,"შპს ""სამედიცინო პარაზიტოლოგიის ტროპიკული მედიცინის კვლევითი ინსტიტუტი""",999999354
106031,"შპს""ავთანდილ ყამბარაშვილის კლინიკა""",999999162
106104,"შპს ""ჰელსი""",999999235
106165,„დავით აბულაძის ქართულ-იტალიური კლინიკა“ სხვა,999999296
105898,"თბილისის სახელმწიფო  სამედიცინო უნივერსიტეტის ""გ. ჟვანიას სახელობის პედიატრიის აკადემიური კლინიკა"" სხვა",999999029
106235,"შპს ""ექსპრეს მედიკალი""",999999366
106237,"შპს ""დენტალაიფი""",999999368
105959,"შპს ""პ.შოთაძის სახ. თბილისის სამედიცინო აკადემია",999999090
106142,"ს.ს ""სამედიცინო კორპორაცია ევექსი"" ტრავმატოლოგიური ჰოსპიტალი",999999273
106233,"სს""პრივატი""",999999364
106111,"შპს ""ო.ჩხობაძის სახ. ინვალიდთა და ხანდაზმულთა ცენტრი""",999999242
105877,"ქართულ–გერმანული იმპლანტაციის ცენტრი სტომატოლოგიური კლინიკა ""HBI-dentimplant""",999999008
106109,"შპს ""ნოვომედი"" სამედიცინო ცენტრი სხვა",999999240
105990,"შპს""გადაუდებელი ნევროლოგიის კლინიკა""ნევროლოგი""",999999121
106238,"შპს ""მედელიტი""",999999369
106245,"სტ.კლინიკა ""Prima dent"" შპს მარგი",999999376
106210,"შპს ""BROTHERS""",999999341
106191,"შპს ""კლინიკა ვაკეში""",999999322
106133,შპს იბერმობილი,999999264
106162,შპს „დენტინი“,999999293
106060,"შპს ""უნიმედი კახეთი"" ყვარლის სამედიცინო ცენტრი",999999191
106008,"შპს ""საოჯახო მედიცინის ქართულ–ამერიკული კლინიკა"" (ბერბუკის ქ. 10)",999999139
105906,"შ.პ.ს.""კლინიკური მედიცინის ს/კ ინსტიტუტი თოდუა",999999037
106089,"შპს ""მედალფა"" კასპის სამედიცინო ცენტრი",999999220
106203,სტომატოლოგიური კლინიკა მანანა სიხარულიძე დენტა სტილი,999999334
106193,"შპს ""უნიმედი კახეთი-კარაპს მედლაინი""",999999324
106091,"შპს ""SUNSTONE MEDICAL""",999999222
106188,"სს ""სამედიცინო კორპორაცია ევექსი"" - აბაშის ჰოსპიტალი",999999319
106102,"ს.ს ""საზღვაო ჰოსპიტალი""",999999233
106099,"შპს "" ქ.თბილისის ბავშვთა ინფექციური კლინიკური საავადმყოფო""",999999230
106005,"შპს ""წმინდა მიქაელ მთავარანგელოზის სახ. მრავალპროფილიფნი კლინიკური საავადმყოფო""",999999136
106096,შპს იმპერია 2009,999999227
105908,"შ.პ.ს ""ჩიჩუების თვალის კლინიკა–მზერა""",999999039
106138,"სს ""სამედიცინო კორპორაცია ევექსი-ზუგდიდის რეფერალური ჰოსპიტალი""",999999269
106149,"შპს ""უნიმედი სამცხე"" ადიგენის სამედიცინო ცენტრი",999999280
106033,"შპს""ბავშვთა ჯანმრთელობის ცენტრი""",999999164
106045,"შპს""დრიმ დენტალ გრუფი""",999999176
105945,"შპს ""ენდოკრინოლოგიის ეროვნული ინსტიტუტი""",999999076
105991,შპს სამედიცინო ცენტრი Geoswiss,999999122
105889,პსპ ფარმა შპს,202203123
106186,"შპს ""მედიქალი"" სტომატოლოგიური კლინიკა ""დიენტე""",999999317
105933,"სს ""მ იაშვილის სახ. ბავშვთა ცენტრალური საავადმყოფო""",999999064
106052,"შპს ""დენტალ ლუქსი"" ქუთაისი",999999183
106168,"შპს ""ახალი სამედიცინო ცენტრი"" -ბოლნისი",999999299
105903,"სს""უნივერსალური სამედიცინო ცენტრი""",999999034
105891,"შ.პ.ს. ""ემბრიო""",999999022
106029,"შპს""სტომატოლოგიური ცენტრი j-smile""",999999160
106152,"შპს ""დენტალუქსი"" ბათუმი",999999283
105895,"შ.პ.ს. ""ემერჯენსი სერვისი""",999999026
105938,"შ.პ.ს.""მაღალი სამედიცინო ტექნოლოგიების ცენტრი საუნივერსიტეტო კლინიკა""",999999069
105872,შ.პ.ს. ქ. თბილისის #1 სამკურნალო პროფილაქტიკური ცეტრი,999999003
105896,"შპს ""ა.ალადაშვილის სახელობის კლინიკა""",999999027
106214,"შპს ""სინევო""",999999345
106036,"შპს""კურაციო-ზ""",999999167
105979,"შპს""ბათუმი დენტალი""",999999110
106105,"შპს ""აჭარა უნიმედი"" ქედის სამედიცინო ცენტრი",999999236
106003,"შპს ""კარცდიოლოგიური კლინიკა ""გული""",999999134
106057,"შპს ""უნიმედი კახეთი"" თელავის რეფერალური საავადმყოფო",999999188
106015,"შპს ""ცეცხლაძის სახელობის # 2 სტომატოლოგიური პოლიკლინიკა""",999999146
106115,"შპს ""ნიუ ვიჟენ საუნივერსიტეტო კლინია""",999999246
105929,"შ.პ.ს.""ქუთაისის საეკლესიო საავადმყოფო–წმინდა დავით აღმაშენებლის სახ.ქსენონი""",999999060
106198,"შპს ""კლინიკა-ლჯ""",999999329
105879,ინდ.მეწარმე თამარ დოლიძის სტომატოლოგიური კლინიკა,999999010
106247,"შპს ""ქალაქ ბათუმის მრავალპროფილიანი სამშობიარო სახლი""",999999378
106178,"შპს ""მედიკორი"" სხვა",999999309
106240,"შპს ""უნიქალმედი""",999999371
105893,ჯო ენის საუნივერსიტეტო ჰოსპიტალი აიპ,999999024
105952,"შპს ""ტრავმატოლოგი""",999999083
105901,"შ.პ.ს ""უნო +""",999999032
106185,შპს ენ ჯი ემ ინოვეიშენ დენთალი,999999316
106180,"შპს ""გერმანული კლინიკა""",999999311
106021,"შპს ""გიდმედი""",999999152
105921,"ს/ს ""ალ.წულუკიძის სახ. უროლოგიის ეროვნული ცენტრი""",999999052
106117,"შპს ""კლინიკური ონკოლოგიის ინსტიტუტი""",999999248
106040,"შპს უნიმედი კახეთი ""ქ.ბათუმის დედათა და ბავშვთა ჯანმრთელობის ცენტრი""",999999171
106147,"ქ.ზუგდიდი,შპს სტომატოლოგიური პოლიკლინიკა",999999278
106154,"შპს აკ.ვ.ივერიელის სახ.ენდოკრინოლოგია-დიეტოლოგია-მეტაბოლოოგიის ცენტრი""ენმედიცი""",999999285
106161,შპს „დენტ ოფისი ქეი“,999999292
106047,"შ.პ.ს ""რეგიონული ჯანდაცვის ცენტრი""",999999178
106042,"სს ""ჰემატოლოგიის და ტრანსფუზიოლოგიის ს/კ ინსტიტუტი""",999999173
106123,შპს იბერია სერვისი,999999254
106054,"სპს ""მერაბ ნადირაშვილი და კომპანია""",999999185
106050,"შ.პ.ს. "" L დენტი""",999999181
105998,"შპს ""მედიქალ პარკი საქართველო""",999999129
105905,"შ.პ.ს ""უროლოგიის ეროვნული ცენტრი""",999999036
106228,მედისონ ჰოლდინგი (ვაჟა-ფშაველა) შპს,999999359
106061,"შპს ""უნიმედი კახეთი""",999999192
106230,"შპს ""ნეოსმაილი""",999999361
105940,"შ.პ.ს.""სამედიცინო სამსახური 009""",999999071
106000,"შპს ""თბილისის ცენტრალური საავადმყოფო""",999999131
105884,"შ.პ.ს.""მედი""",999999015
105931,ქ.ქუთაისის №3 ბავშვთა პოლიკლინიკა შპს,999999062
105971,დენსი +,999999102
105917,"შ.პ.ს ""ჯეოსვის დიაგნოსტიკა""",999999048
105900,"შ.პ.ს.""კლინიკა ნიუმედი""",999999031
105914,"შ.პ.ს""საქართველოს საპატრიარქოს წმინდა იოაკიმე და ანას სახ. მრავალპროფილური საავადმყოფო და ანას სახელობის სამშობიარო სახლი"" შპს",999999045
106251,"შპს ""დავიდენტი""",999999382
106249,"სს""სამედიცინო კორპორაცია ევექსი""- ზუგდიდის  პოლიკლინიკა",999999380
105926,"შ.პ.ს.""კარდიოექსპრესი""",999999057
106135,შპს ლაქშერი ქარს,999999266
106028,"შპს""ტესტი დიაგნოსტიკა""",999999159
106194,"შპს ""ლანცეტი""",999999325
106025,დენტალ სერვისი,999999156
105925,ინდ მეწარმე ინგა ფიდლერი თბილისის სახ. უნივერსიტეტის კლინიკურ საავადმყოფოსთან არსებული სპირალური კომპიუტერული ტომოგრაფია,999999056
106174,შპს საქართველოს კოლოპროქტოლოგიის ცენტრი,999999305
106176,"შპს. ""გიდმედი პლუსი""",999999307
105974,"შპს "" სხივი 2012""",999999105
105976,"შპს ""სტომა დენტი""",999999107
105874,"შ.პ.ს. ""ქ.თბილისის #2 სამშობიარო სახლი""",999999005
106225,"შპს ""დიაგნოსტიკური სერვისი""",999999356
106531,სარეჟიმო შპს,111111112
106534,"შპს ""ლაზიკა მედი""",123456655
109950,წმინდა ნიკოლოზის სახელობის ქირურგიული და ონკოლოგიური ცენტრი სააქციო საზოგადოება ,212691336
115247,სხივური მედიცინის ცენტრი შპს,1E+11
18236,შპს ავერსი ფარმა,211386695
17904,თბილისი სითი მედიქალ შპს,405032806
132573,შპს “Krol Medical Corporation”(30 პოლიკლინიკა),404941532
133056,"შპს ""ახალი კლინიკა""",404980231
133112,შპს „მედიკომი“,404963679
134648,"შპს ""ნიუ ვიჟენ საუნივერსიტეტო ჰოსპიტალი-მცხეთა""",401993508
135624,"შპს იმერეთის სამხარეო სამედიცინო ცენტრი ""თერჯოლა მედი""",431948066
135670,მარდალეიშვილი კლინიკა სს,11111112
51290,შპს დენტალ კლასი,415087603
135894,"შპს ""უნიმედი სამცხე""-ახალციხის სამედიცინო ცენტრი",404865963
131881,მედისონ ჰოლდინგი (მუხიანი) შპს,404923632
136974,მედისონ ჰოლდინგი (ვარკეთილი) შპს,999999960
138479,"შპს ""ბოლნისის ცენტრალური კლინიკა""",225368330
138505,"შპს ""ტვინის ჯანმრთელობის ცენტრი-საქართველო""",405157743
138813,"სს ""ნეო მედი""",404860566
139399,"შპს ""თბილისის ზღვის ჰოსპიტალი""",400115362
139516,"შპს ""ჰერა""",404404042
139631,"შპს ""ისრაელი საქართველოს სამედიცინო კვლევითი კლინიკა ჰელსიკორი""",205250618
144231,"შპს ""ინოვა""",405049335
105883,"სს.""კ ერისთავის სახელობის ექსპერიმენტალური ქირურგიის ეროვნული ცენტრი""",999999014
148271,"შპს ""ალიანს მედი""",405108477
148472,"შპს ""მალხაზ კაციაშვილის მრავალპროფილური გადაუდებელი დახმარების ცენტრი""",400123647
148473,"შპს სტომატოლოგიური ცენტრი ""დენტისტრი""",405189987
148611,"შპს ""ვივამედი""",40487966
148724,"შპს ""არქიმედეს კლინიკა"" - ლაგოდეხი",112233445
149735,"აიპ ""ნიუ ვიჟენ საუნივერსიტეტო ჰოსპიტალი""",402069854
86051,შპს ბესთ მედიკალ გრუპ,405196176
165390,"შპს ""მაღალტექნოლოგიური ჰოსპიტალი მედცენტრი""",445466870
39801,სსიპ ილიას სახელმწიფო უნივერსიტეტი ,204861970
167596,"შპს ""ჯანმრთელობის სახლი გურიაში""",242005977
171544,შპს ქუთაისის #3 სამშობიარო სახლი სხვა,412682066
172306,მედალფა ჩოხატაურის სამედიცინო ცენტრი შპს,199999226
172226,"შპს ""მედ ემერჯენსი""",445506630
184602,"შპს თვალის მიკროქირურგიის ჯავრიშვილის კლინიკა ""ოფთალმიჯი""",211357663
186657,ბოხუას სახელობის კარდიოვასკულარული ცენტრი შპს,401945605
193520,ინდიგო შპს,245624169
193522,ზაუტაშვილი მანანა შპს,590010195
106232,"სს""გეფა""",999999363
203736,ნიუ დენტი თელავი შპს,431168283
205312,"შპს""კლინიკა ფემილი""",405261363
206430,"შპს ""ფეის დენტი""",405271735
216127,"შპს ""პირველი სამედიცინო ცენტრი""",20000714
244546,"სს ""სამედიცინო კორპორაცია ევექსი"" ონკოლოგიის ცენტრი",40447620/
245933,"შპს ""ვი.აი.პი. სტომატოლოგია"" Dento club",204954969
265658,სს იავნანა ,21787925/
274895,შპს რეგიონული ჰოსპიტალი,40492574
277022,სს სამედიცინო კორპორაცია ევექსი-ბათუმის რეფერალური ჰოსპიტალი,0.40492574
277610,სს სამედიცინო კორპორაცია ევექსი - ფოთის ჰოსპიტალი,/04476205
277654,"სტომატოლოგიური კლინიკა ""ქრაუნდენტალი"" შპს",402073885
280274,სს სამედიცინო კორპორაცია ევექსი - ახმეტის ჰოსპიტალი,40447620
280633,შპს ჰოსპიტალ სერვისი,400027163
282155,სს სამედიცინო კორპორაცია ევექსი მარტვილის ჰოსპიტალი,4044762..
282333,სს სამედიცინო კორპორაცია ევექსი თელავის რეფერალური ჰოსპიტალი,"4044762,,"
282335,სს სამედიცინო კორპორაცია ევექსი ახალციხის რეფერალური ჰოსპიტალი,0.04476205
282336,სს სამედიცინო კორპორაცია ევექსი ყვარელის ჰოსპიტალი,",04476205"
285770,სს სამედიცინო კორპორაცია ევექსი ქედის ჰოსპიტალი,",,4476205"
286784,სს სამედიცინო კორპორაცია ევექსი მ.იაშვილის სახელობის ბათუმის დედათა ბავშვთა ცენტრალური ჰოსპიტალი,..4476205
287072,შპს ბი აი სი ჯორჯია ნეოდენტი ბათუმი,445530159
287302,შპს ლჯ და კომპანია დასავლეთ საქართველოს ტუბერკულოზისა და ინფექციურ პათოლოგიათა ცენტრი,212691354
290560,"ი/მ ჯ.ჯავახიშვილის კბილის კლინიკა ""ჯულია დენტი"" სხვა",200010125
292848,"სს ""ჩაჩავას კლინიკა""",203827608
294333,"სს ""ევექსის კლინიკები"" - წმინდა ნიკოლოზის სახელობის სამედიცინო ცენტრი",405327427
295948,"შპს ""გერმანული ჰოსპიტალი""",402101327
295955,"შპს ""კიკნაძის სტომატოლოგიური ცენტრი""",405213022
297987,"სს ""კ.ერისთავის სახელობის ექსპერიმენტული და კლინიკური ქირურგიის ეროვნული ცენტრი"" ბათუმი",202051689
298500,"სს ""ევექსის ჰოსპიტლები""-ონკოლოგიის ცენტრი",.0447620.
309415,"სს ""ევექსის ჰოსპიტლები"" - თელავის რეფერალური ჰოსპიტალი",",,,476205"
310924,"სს ""ევექსის კლინიკები""-ხობის კლინიკა",40532742
310928,"სს ""ევექსის ჰოსპიტლები"" - ზუგდიდის რეფერალური ჰოსპიტალი",404476...
310933,"სს ""ევექსის კლინიკები"" - ი.ციციშვილის სახელობის ბავშვთა კლინიკა",40447....
310974,"სს ""სამედიცინო კორპორაცია ევექსი"" - ივ.ბოკერიას სახელობის რეფერალური ჰოსპიტალი",..447620.
311091,"სს ""ევექსის ჰოსპიტლები"" -ტრავმატოლოგიური ჰოსპიტალი",404..6205
311504,"სს ""ევექსის კლინიკები"" - ყვარელის კლინიკა",4053274..
311507,"სს ""ევექსის ჰოსპიტლები"" - ბათუმის რეფერალური ჰოსპიტალი",40...6205
325234,"შპს ""მედ ინვესტმენტი"" (აბულაძის ქ. N7)",425334213
326554,"სს ""ევექსის ჰოსპიტლები""-კარაპს მედლაინი",40..76205
327736,"შპს ""აკადემიკოს ფრიდონ თოდუას სამედიცინო ცენტრი""",20199069
329471,"სს ""ევექსის ჰოსპიტლები""-მ.იაშვილის სახელობის ბავშვთა ცენტრალური საავადმყოფო","4,,476205"
329815,"შპს""„მეტა პრაიმ დენტალ""",405040049
334284,"სს ""ევექსის ჰოსპიტლები""-მ.იაშვილის სახელობის ბათუმის დედათა და ბავშვთა ც/ჰოსპ.",40....205
334288,"სს""ჯერარსი""",205279740
340816,"შპს ""დენტექსი 95""",203826501
341282,"სს""ევექსის კლინიკაბი""-ხონის კლინიკა",..53274..
341283,"სს""ევექსის ჰოსპიტლები""-ქობულეთის ჰოსპიტალი",",,44762,,"
342166,"სს""ევექსის კლინიკები""-ახმეტის კლინიკა",.0532742.
342167,"შპს""ახალი კლინიკა""-ხაშურის ჰოსპიტალი",40498023
344174,"შპს ""კონსმედი""",202445586
347078,"შპს სასწრაფო სამედიცინოდახმარება ""მკურნალი 75-03-03""",204427619
347554,"შპს ბერძნული სამედიცინო ფონდი ""ჰიპოკრატე""",202940372
347582,"შპს ""ტესლა""",405334348
347805,"შპს""თბილისის მედიცინის ინსტიტუტი""",405271646
347838,"სს""ევექსის ჰოსპიტლები""-ი.ციციშვილის სახელობის ბავშვთა კლინიკა",4.4476205
348792,"შპს""გორმედი"" ხაშურის ცენტრალური საავადმყოფო",417876711
350488,შპს ტლ მედიკალ (ტატიშვილის ცენტ. ბერი გაბრიელ სალოსის ქ. N55),405302499
350489,დავით ტატიშვილის სამედიცინო ცენტრი (მარიჯანი) შპს,999199999
350490,"შპს ""დავით ტატიშვილის ჯანმრთელობის ცენტრი"" (პეკინი)",405310612
350524,სხვა შპს,12312
354234,"სს""ევექსის ჰოსპიტლები""-ქუთაისის რეფერალური ჰოსპიტალი","40,476,205"
354305,"შპს""კავკასიის მედიცინის ცენტრი""","4049257,,"
360878,"სს""საქართელოს კლინიკები""-შუახევის კლინიკა","40,527,427"
285641,შპს ონკოლოგიის სამეცნიერო კვლევითი ცენტრი(მარდალეიშვილის კლინიკა),205284093
361435,"შპს ""ქუთაისის ცენტრალური საავადმყოფო""",212685423
361440,მედალფა (ბათუმის ბონის კლინიკა) შპს,404908043
363310,"შპს""ბეიბი მედიქეარი""(ბეიბი ექსპრესი)",405108930
365926,"შპს""არქიმედეს კლინიკა"" - სიღნაღი",404899567
19928,"შპს ""M მედი22"" სხვა",200006536
381424,"შპს""გლობალმედ""",405055032
382699,"შპს ""ინიციო"" დავით ტატიშვილის სამედიცინო ცენტრი",404550286
17788,"შპს ""ინ ვიტრო განაყოფიერების ცენტრი""",202462708
383155,"შპს ""კბილი""",405230922
406666,"შპს ""მედალფა"" ოზურგეთის კლინიკა",404908047
408644,"სს ""გერმანული ჰოსპიტალი""",402101328
415336,"შპს ""ლ. მანაგაძის სახელობის უროლოგიის ეროვნული ცენტრი""",206063383
417523,"სს""ევექსის ჰოსპიტლები""-ახალციხის რეფერალური ჰოსპიტალი",...476205
417634,"სს""ევექსის კლინიკები""-წალენჯიხის კლინიკა",..5327427
417698,"სს""ევექსის კლინიკები""-ზუგდიდის პოლიკლინიკა",...327427
417973,"სს""ევექსის კლინიკები""-დიდუბის პოლიკლინიკა",;;5327427
418653,"სს""ევექსის კლინიკები""-მარტვილის კლინიკა",",,,327427"
420420,"შპს ""მედექსი""",405325700
424810,"შპს ""არქიმედეს კლინიკა"" - სენაკი",404869567
425457,"შპს ""აკადემიკოს ვახტანგ ბოჭორიშვილის სამედიცინო ცენტრი""",405018831
426213,"შპს ""ქართულ-ჰოლანდიური ჰოსპიტალი""",402049760
426591,"სს""ევექსის კლინიკები""-აბაშის კლინიკა","40532742,"
428117,"შპს ""იოანე მოწყალეს სახელობის პრივატ კლინიკა""",404413005
429005,"შპს ""მედ ინვესტმენტი"" (მარიჯანის ქ. N2ბ)",199998999
409901,"შპს ""ოპტიმალ მედი""",404512096
430342,"შპს ""ბიჯი უნიმედი""",405153337
430985,"შპს ""პი ეს დენტალი""",404863536
431364,"სს ""ევექსის ჰოსპიტლები"" - ივანე ბოკერიას სახელობის რეფერალური ჰოსპიტალი",121212124
431623,"შპს ""ნლი""",419994741
432025,"სს""ევექსის კლინიკები""- თერჯოლის კლინიკა",",,5327427"
433049,"შპს ""საერთაშორისო სტომატოლოგიის ცენტრი ""აისო""""",405218768
433547,"სს""ევექსის კლინიკები""-ტყიბულის კლინიკა",405327;;;
436058,"შპს ""ტლ მედიკალ"" (სანდრო ეულის ფილიალი)",122223333
380498,"შპს ""ბლიც სტომატოლოგია""",405220906
436466,"შპს ""ს. ხეჩინაშვილის სახელობის საუნივერსიტეტო კლინიკა""",404866123
436627,"სს ""ევექსის კლინიკები"" - საბურთალოს პოლიკლინიკა (ვაჟა-ფშაველას გამზირი)",404476111
436628,"სს ""ევექსის კლინიკები"" - გლდანის პოლიკლინიკა",111116205
436629,"სს ""ევექსის კლინიკები"" - ისნის პოლიკლინიკა",222222205
436775,"შპს ""აკადემიკოს ქეთევან ნემსაძის სახელობის პედიატრიული კლინიკა - გლობალმედი""",555554788
451391,"სს""ევექსის ჰოსპიტლები""-ფოთის ჰოსპიტალი","40,,76205"
451573,"სს ""ევექსის კლინიკები"" - ადიგენის კლინიკა",457845784
455361,"სს ""საქართველოს კლინიკები"" - ასპინძის კლინიკა",114455669
455639,"შპს ""მედქორნერ""",416351888
459282,"შპს ""მედი პრაიმ""",406240900
460742,"სს ""ევექსის კლინიკები"" - ფოთის პოლიკლინიკა შპს",111222444
106146,"შპს ფარმადეპო,ჯიპისი/ავერსი/პე ეს პე",999999277
464112,"შპს ""თანამედროვე სამედიცინო ტექნოლოგიების დასავლეთის რეგიონალური ცენტრი""",412719651
474523,"შპს ""ნიუდენტი 1""",222212211
476488,"შპს ""რენომე""",405230933
105978,"შპს ""მედალფა"" სხვა",999999109
477218,აფთიაქი შპს,99999999
483283,"შპს ""ლი-მედი""",406291720
483284,"შპს ""დავით ტატიშვილის სამედიცინო ცენტრი - ფოთი""",415107663
484718,"საქართველო-ისრაელის ერთობლივი ქირურგიული კლინიკა შპს ""გიდმედი""",202453987
485907,"სს ""ევექსის კლინიკები"" - ასპინძის კლინიკა, ""ტესტ ევექსი""",114455669
458551,Aversi/PSP შპს,9999962
487196,"შპს ""დასავლეთ საქართველოს სამედიცინო ცენტრი""",111115200
487315,"სს ""ტუბერკულოზისა და ფილტვის დაავადებათა ეროვნული ცენტრი""",202172139
494546,სს ევექსის კლინიკები - მთაწმინდის პოლიკლინიკა,380498122
495288,"სს ""ევექსის ჰოსპიტლები"" - კრისტინა კილის სახელობის ონკოლოგიის ცენტრი",161524559
106200,ბათუმის N1 პოლიკლინიკა,999999331
503208,"სს ""ევექსის კლინიკა"" - ქედის კლინიკა",222222233
554667,შპს დავით ტატიშვილის სამედიცინო ცენტრი - ბათუმი,445575671
598507,"შპს""თოდუას კლინიკა""",201990697
599146,"შპს ""თოდუას კლინიკა""","20199069,"
599230,"შპს ""მედ დიაგნოსტიკა""",400278622
611206,შპს ამერიკან ჰოსპიტალ ნეთვორქ,402154342
633149,"შპს ""თვალის დიაგნოსტიკური ცენტრი""",404907133
633150,"შპს ""საოჯახო კლინიკა""",405480625
636342,"შპს ""ჭიათურის ამბულატორიული ცენტრი""",123123123
642404,"შპს ""ქუთაისის რეგიონალური სტომატოლოგიური ცენტრი""",212674756
643527,"სს ""საქართველოს კლინიკები"" - ჩხოროწყუს კლინიკა",401113152
780513,"შპს ""ბი ელ დენტი""",417874697
781629,"შპს ""ბათუმის სამედიცინო აკადემია""",245419355
781668,"შპს ""ღიმილის რეზიდენცია""",445584966
785276,"შპს ""ქიფ სმაილი""",405314770
786302,Test სხვა,204931111
788204,"შპს ""ზ. ტყეშელაშვილის სახელობის ტრავმატოლოგია - ორთოპედიის ცენტრი""",436048215
788206,"შპს ,,ჯეო ჰოსპიტალს“-ის ქუთაისის ცენტრალური საავადმყოფო",404907730
788363,"შპს ""ამერიკული ჰოსპიტალი თბილისი""",402154555
788950,"შპს ""მკურნალი 2002""",200079654
802865,შპს ნეოლაბი,205184352
803684,"შპს ""კლინიკა რეიმანი"" (სანდრო ეულის ქ. N7)",405325768
804021,"შპს ""კლინიკა კანი""",404927790
804227,"შპს ""იუნიქი""",401958049
804463,"ი/მ ""ანასტასია ხუფენია - სენადენტი"" სხვა",139893970
806190,"შპს ""კრისტალი""",400275572
806191,"შპს ""ინტერმედ ტური"" - უნივერსი",405197969
806192,"შპს ""დეილი დენტალი"" - დენსი +",204517344
806194,"შპს ""როიალ დენტი""",204920648
806196,"შპს ""დენტალ ქეარ""",415096568
806209,"შპს ,,ჯეო ჰოსპიტალს“-ის თბილისის მრავალპროფილური სამედიცინო ცენტრი“ (წინანდლის ქ. N3)",404907731
806216,ი/მ გიორგი მარტიაშვილი - ბოლნისი დენტალი სხვა,100010423
806463,"შპს""ჯანმრთელობის ცენტრი""",211381994
806780,"შპს ""ს. აბაშიძის პათოლოგიის, შიდსის და ტუბერკულოზის რეგიონალური ცენტრი""",245418392
807337,"შპს ""მედ ინვესტმენტი"" (ვაჟა-ფშაველა)",425334213
809639,ი/მ ილია მალაზონია სხვა,414293152
809729,"შპს ""ქიდს ველ""",405513083
810391,"შპს ""გ მედი""",405389137
811589,"შპს ""ფოთის პირველი პოლიკლინიკა""",415085286
812716,ი/მ შორენა მჭედლიძე სხვა,958748855
813602,"შპს ""ჰელფერი"" - კლინიკა როიალ დენტი",405341633
813663,ი/მ ნინო ტრაპაიძე - სტომატოლოგიური კლინიკა ინოვა სხვა,958748822
816039,"შპს ""ფოთის ცენტრალური საავადმყოფო ბომონდი"" სხვა",415105567
816453,"შპს ""მედიგრუპი"" (გლდანი, თ.ბოჭორიშვილის ჩიხი 1 N4)",400298842
816927,"შპს ""ნიუ დენტი""",405308368
13182,"შპს ""მრჩეველი""",204954497
822235,"შპს ""მეგა-ლაბი""",405211319
822277,"შპს ""გრიგოლ რობაქიძის უნივერსიტეტი, სტომატოლოგიის საუნივერსიტეტო კლინიკა გრუნივერსი""",200002120
822535,"შპს ""თბილისის გულის ცენტრი""",405125332
830562,"სს ""ვიანი"" - ახალციხის რეფერალური ჰოსპიტალი",...417523
830563,"სს ""ვიანი"" - ახალქალაქის ჰოსპიტალი",223352306
830564,"სს ""ვიანი"" - ბათუმის რეფერალური ჰოსპიტალი",404865971
830565,"სს ""ვიანი"" - მ. იაშვილის სახელობის ბათუმის დედათა და ბავშვთა ცენტრალური ჰოსპიტალი",404476200
830566,"სს „ვიანი"" - კრისტინა კილის სახელობის ონკოლოგიის ცენტრი",404476255
830576,"სს ""ვიანი"" - ქუთაისის რეფერალური ჰოსპიტალი",404476211
830577,სს „ვიანი“ - ფოთის ჰოსპიტალი,215119182
830578,"სს ""ვიანი""  - ქობულეთის ჰოსპიტალი",404476222
830579,"სს ""ვიანი"" - ი. ბოკერიას სახელობის  საუნივერსიტეტო ჰოსპიტალი",404476233
830580,"სს ""ვიანი"" - ი. ციციშვილის სახელობის ბავშვთა კლინიკა",404904570
830581,"სს ""ვიანი"" - მ.იაშვილის სახელობის ბავშვთა ცენტრალური საავადმყოფო",404476244
830582,"სს ""ვიანი"" - თელავის რეფერალური ჰოსპიტალი",404476266
830632,"სს ""ვიანი"" - კარაპს მედლაინი",404476277
830697,სს „ვიანი“ - ზუგდიდის რეფერალური ჰოსპიტალი,404476288
833593,"სს ""ევექსის კლინიკები"" ცინცაძის პოლიკლინიკა (ცინცაძის N24)",405327422
839177,"შპს ""გორმედი"" ქარელის ცენტრალური საავადმყოფო",417876710
839778,"შპს ""მცხეთის პირველადი ჯანდაცვის ცენტრი - ჯანმრთელი თაობა""",236035465
840835,"სს ""საქართველოს კლინიკები"" თელავის რეფერალური ჰოსპიტალი",4476205
842189,"სს ""საქართველოს კლინიკები"" ფოთის ჰოსპიტალი",404476201
842683,"შპს ""მარდალეიშვილის სამედიცინო ცენტრი - რუსთავი""",216452265
843285,"სს ""საქართველოს კლინიკები"" - ბათუმის რეფერალური ჰოსპიტალი",404476208
843369,ინოვაციური სამედიცინო ცენტრი ბირთი (ბათუმი) შპს,1001001
845195,"სს ""საქართველოს კლინიკები"" - ქუთაისის რეფერალური ჰოსპიტალი",404393155
845201,"სს ""საქართველოს კლინიკები"" - ი. ციციშვილის სახელობის ბავშვთა კლინიკა",404393156
845786,"სს ""საქართველოს კლინიკები"" - ქობულეთის ჰოსპიტალი",404040400
846347,"სს ""ევექსი"" - ცინცაძის პოლიკლინიკა (ცინცაძის N24)",405670000
846906,"შპს ""მაღალტექნოლოგიური ჰოსპიტალი მედცენტრი"" ბათუმის რეფერალური ჰოსპიტალი",445466871
847352,"სს ""ევექსი"" - საბურთალოს პოლიკლინიკა",405670001
847370,"სს ""საქართველოს კლინიკები"" - ახალციხის რეფერალური ჰოსპიტალი",40447620*
847372,"სს""საქართველოს კლინიკები""- თერჯოლის კლინიკა",40447620'
847373,"სს ""საქართველოს კლინიკები""- ხობის კლინიკა",40447620;
847474,სს „საქართველოს კლინიკები“ - ზუგდიდის რეფერალური ჰოსპიტალი,404476206
847475,"სს ""საქართველოს კლინიკები"" - ყვარელის კლინიკა",404476209
847620,"სს""საქართველოს კლინიკები"" - მარტვილის კლინიკა სხვა",404476502
849509,"სს""საქართველოს კლინიკები"" - ტყიბულის კლინიკა",404476207
849534,"შპს ""ალიანს მედი"" - ქარელის ჰოსპიტალი",405108476
849644,"შპს ""გამოსავალი""",404589664
849740,შპს „ჯეო ჰოსპიტალს“ ჭიათურის მრავალპროფილური სამედიცინო ცენტრი,404907732
850015,შპს „ სამედიცინო ცენტრი აი ემ სი“,405663928
850167,სამივე აფთიაქი სხვა,987654322
850212,"სს ""საქართველოს კლინიკები"" - აბაშის კლინიკა",4044762//
850901,"ი.მ. ""სოფიო ალადაშვილი ექსტრა დენტი"" სხვა",10100148
850956,"შპს ""ულტრამედი""",200254090
850957,"სს ""ევექსი"" - ვარკეთილის პოლიკლინიკა",405670002
850963,"სს ""ევექსი"" - ისნის პოლიკლინიკა",405670003
852106,"შპს ""კოჯრის სააქიმო ამბულატორია""",226521298
854164,"შპს ""უნიკა""",406027311
854360,"სს ""საქართველოს კლინიკები"" - ახმეტის კლინიკა",404476267
856954,"სს ""საქართველოს კლინიკები"" - ადიგენის კლინიკა",404476289
857686,Sea Lead Shipping Pte. Ltd სხვა,201708559
858500,"შპს ""ს.ვირსალიძის სახელობის სამედიცინო პარაზიტოლოგიის ინსტიტუტი""",405547595
858767,"სს ""ევექსი"" - წმინდა ნიკოლოზის სახელობის სამედიცინო ცენტრი",405670004
859274,"სს ""საქართველოს კლინიკები"" - ქედის კლინიკა",404476212
860372,"შპს ""წმინდა მიქაელის ჰოსპიტალი""",202901831
861370,"შპს ""ჯან მედი""",444961980
862690,"სს ""საქართველოს კლინიკები"" - ახალქალაქის ჰოსპიტალი",404393157
862816,სს „საქართველოს კლინიკები“ - ხაშურის ჰოსპიტალი,40447620-
862817,სს „საქართველოს კლინიკები“ - ქარელის კლინიკა,40447620)
35108,შპს იმპექსფარმი,204927909
865067,"შპს ""ამხანაგობა სანო-კლინიკა""",200286779
865829,"სს ""საქართველოს კლინიკები"" - ხონის კლინიკა",40447620=
866509,"სს ""საქართველოს კლინიკები"" წალენჯიხის კლინიკა",40447620!
877325,"შპს ""თოდუას კლინიკა"" ვერე",112233444
877326,"შპს ""თოდუას კლინიკა"" დიღომი",111222555
878712,"შპს ""ხოზრევანიძის კლინიკა""",445435707
878720,"შპს ""მედ ინვესტმენტი"" (ანჯაფარიძის ფილიალი)",405334213
878911,"შპს ""ჯეოასისტანსი""",405281154
882800,შპს კომფარმა,445429581
882801,სს ევექსი ბათუმის პოლიკლინიკა,"4056700,,"
882815,შპს ი. ჟორდანიას სამედიცინო ცენტრი,402044355
419104,მედიქალ ვორლდ დიაგნოსტიკი შპს,406218775
882828,შპს ქუთაისის ახალი №2 სამშობიარო სახლი,412673174
882830,შპს ევროპული ხელოვნური განაყოფიერების კლინიკა,404653175
882831,მედკაპიტალი შპს,205218030
882832,"შპს ""აუდიოლოგიის ეროვნული ცენტრი""",202464662
882833,შპს ჯანმრთელობის ინსტიტუტი,404481100
882834,სს სილკ მედიკალ,402192195
882835,შპს თერაპიის სახლი,201945182
882836,შპს ინოვაციური სტომატოლოგიის ცენტრი როგო,445449667
882837,შპს დენტამედი,406041297
882838,შპს მზიურის ბავშვთა სამედიცინო ცენტრი მზიურიმედი,404519464
882840,შპს ენეს დენტი,405579896
882844,შპს კახაბერ სიხარულიძის სტომატოლოგიური კლინიკა,200253484
882847,შპს სმაილ სტუდიო,405377943
882854,შპს სპარტაკ გელაშვილი კლინიკა -ჯი ეს კლინიკა,439405591
882855,შპს სოლომედი,445455720
882860,შპს მიკროდერმა,405636717
882870,შპს იმუნო,401980594
882871,შპს კონსილიუმი,404483288
882895,შპს დიმიტრი მხეიძის სახელობის ყელ-ყურ-ცხვირის კლინიკა გიდი,212693637
882896,შპს ნ ნ დენტჰაუს,406329959
882897,თინათინ თოფურიძის სტომატოლოგიური ცენტრი ევერგრინ შპს,405255325
882901,შპს დენტა-კლასი,205227743
882902,შპს ულტრასეივ,445681628
882947,შპს დიაკორი,400133814
882951,შპს დავით დავარაშვილის კლინიკა,406131939
882952,შპს ფარმაცია დი ენდ თი,412771923
882960,შპს დენტალ სთარი,402003265
882961,შპს დიაბეტის კვლევის ეროვნული ცენტრი,401943475
882982,დიაგნოზი - სამკურნალო-დიაგნოსტიკური ცენტრი შპს,206197122
882983,სს კურაციო,204860597
882988,შპს პრემიუმ მედსერვისი,405186445
882990,შპს რეპროდუქციული მედიცინის ცენტრი უნივერსი,200199702
883116,აიქიუ IQ კლინიკა შპს,405043705
883130,შპს ქართულ-ამერიკული რეპროდუქციული კლინიკა რეპროარტი,404945244
883133,პოლიკლინიკა მოზრდილთა #26 შპს,211357814
883147,ალტრა ვიტა შპს,404953699
883148,საზღვარგარეთის კლინიკა შპს,777777777
883149,შპს უროლაბი სხვა,406024680
883152,ამბროსი ვახტანგაძე დენტალ-შაინი შპს,106056151
883157,ინდივიდუალური მეწარმე ხათუნა ჭონიშვილი შპს,100077952
883175,შპს პათოლოგიის კვლევითი ცენტრი,402040251
883176,შპს პედიატრიკი,404565476
883177,შპს დენტ ოფისი,205256505
883179,შპს ახალი ხედვა,400029303
51107,ფარმაცევტული სახლი + შპს,205199033
52015,შპს ზურაბ საბახტარაშვილის რეპროდუქციული კლინიკა,205231710
883227,შპს ნიუ პლაზმა,445507201
883228,შპს კუზანოვ დენტი,206333118
883229,შპს კვანტუმი-მაქსიდენტი,400303676
883230,შპს დენტ თაუნი,400308662
883231,შპს კონფიდენტალი,406325560
883239,მედიქეარ ჯორჯია შპს,404396765
883240,მოლეკულური დიაგნოსტიკის ცენტრი შპს,405097595
883243,შპს ემ კლინიკ ჯორჯია,405084723
883244,შპს ბაქტერიოფაგის ანალიტიკურ-სადიაგნოსტიკო ცენტრი დიაგნოზი 90,211352301
883245,"შპს""დენტალუქსი პრიმა""",445765315
883248,შპს ფერტიმედი,211386230
883254,შპს სტომატოლოგიის ცენტრი სოლო,405129007
883264,ნინო ბერიძის ორთოდონტიული ცენტრი შპს,205291236
883289,შპს ფორტის ფარმაცეუტიკალს,400271665
883293,შპს კარდიო ექსპერტი,405022247
883307,შპს თიენ დენტალი,405093303
883318,ინოვაციური სამედიცინო კლინიკა ბირთი სხვა,445612766
12634,შპს ნეოფარმი +,204537858
883323,შპს დავით თელიას კლინიკა - მტკიცებითი მედიცინის ცენტრი,405356993
883327,შპს სტატუსი,402035285
883331,დენტა ვიტა შპს,205186715
883335,შპს გლობალ დენტი,404862430
883338,შპს ემ ფარმა,445436163
883348,ჩაიკა თბილისი შპს,405588564
883358,შპს კლინიკა ჭიამაია,406354948
52954,"შ.პ.ს. ""დენტ ეფექტი"" შპს",215125923
883404,შპს გენომიქსი,405417516
883405,შპს პირველი სამედიცინო კლინიკა,405533267
883439,შპს აისი,202167412
883440,შპს უნიდენტი,201953680
883441,შპს ციფრული სტომატოლოგიის ცენტრი,445679622
883442,შპს მეგაფარმი,245437004
883443,შპს ქართულ-ავსტრიული კლინიკო-დიაგნოსტიკური ლაბორატორია,205216363
883444,შპს ალეკო კაკონაშვილის უროლოგიური კაბინეტი ELEKTA,404389292
883452,შპს მიქსტა,412752695
883456,ინდივიდუალური მეწარმე მაია ტყეშელაშვილი შპს,10250179
883458,შპს ფრანგულ-გერმანული ხუჯაძე-გოგნიაშვილის ყელ-ყურ-ცხვირის კლინიკა,404467019
883459,შპს ზარადენტი,400343918
883501,შპს სამედიცინო ცენტრი სონოლაბი,412735009
883509,შპს ქეთევან ჯანელიძის სტომატოლოგიური კლინიკა,406210513
883510,შპს ბათუმის სამედიცინო ცენტრი,248384234
883518,შპს T ენდ L,406055860
883528,შპს ინ ვიტრო ლაიფი,405494380
883529,შპს გლუკოზა 4,400286310
883530,შპს კლინიკა მარჯანი,405056102
883533,შპს გალა,404982925
883535,შპს სმაილ - დენტი - 2008,205233923
883538,შპს კლინიკა ფარმალია,445613952
883544,შპს ე.მ.მ. დენტი,405257886
883545,"ი/მ ინგა ბართაია ""ემ დენტალი"" შპს",290010100
883547,ი/მ მაია ხვიჩია სხვა,620040108
855307,Prime line შპს,404435465
883561,შპს მერმისი,201947340
883569,შპს იმპლანტ სტუდიო,426116428
883576,შპს გალა და კომპანია,412768456
15584,შპს გეა,201951209
883586,შპს კენ ვოლკერის სახელობის სამედიცინო რეაბილიტაციის საუნივერსიტეტო კლინიკა,404590876
883611,შპს ქართულ-გერმანული რეპროდუქციული ცენტრი,404583090
883613,ეროვნული სკრინინგ-ცენტრი შპს,202442730
883614,შპს ირინა შანიძე და კომპანია,245389583
883617,შპს გლუკოზა+,448386773
883621,შპს თბილისის №4 საოჯახო მედიცინის ცენტრი,206040988
883630,შპს რედმედი,405341465
883632,შპს დენტ ეფექტ+,445425255
883644,შპს ენდორფინი,400143019
883649,შპს ორთოგრაფი,405710333
883679,შპს ბაიები,406048281
883681,შპს კლინიკა თერამედი,401996122
883697,შპს კალანდაძე,216450800
883698,ი/მ ნინო ღოღელიანი - ნიუ დენტი სხვა,10080022
883714,შპს მედიქალ ბორჯომი,426125034
883715,შპს ახალციხის კლინიკა იმედი,424067306
883726,შპს ევროდენტი,211322273
29943,შპს რონიკო,203836974
885135,შპს მეტრეველის სტომატოლოგიური ცენტრი,405340901
885140,შპს სმარტ ულტრასაუნდი,405019689
885141,შპს მედ ლაბი,405128954
885144,შპს კლინიკა ნითა,405132413
885145,შპს მედლაბი,412715236
885146,შპს ორთოჯი,405559541
885148,რევმატოლოგიის სამეცნიერო-პრაქტიკული ცენტრი აკად. ვ. წითლანაძის სახელობის შპს,202905972
885164,შპს ნავროზაშვილის კლინიკა,416385637
885165,იმ დათო შავაძე შპს,145584310
885166,შპს მა და კა დენტალი,406207661
885169,ინდივიდუალური მეწარმე ემეს დენტი შპს,590010115
885182,სტომატოლოგიური კლინიკა პულსი დენტი შპს,231241714
885184,შპს კლინიკა ლარსზე,404499609
885185,შპს კლინიკა კორტექსი,404865384
885233,შპს ემდიორთო გრუპი,400328436
885235,შპს დერმა დენტი,416333337
885238,შპს ნ26,405482197
885245,შპს ჟენშენფარმი 2023 სხვა,445692965
885246,შპს ჯანმრთელი მომავალი სხვა,401949807
885248,შპს დენტარტი სხვა,200128726
885256,ი/მ ნინო მათიაშვილი შპს,10130180
885261,შპს დნმ პოლისი,405109190
885274,სს ქობულეთის სამედიცინო ცენტრი შპს,446955484
885275,შპს სხივური მედიცინის ცენტრი,405034840
885277,შპს ვ.ს დენტალ კლინიკ სხვა,404579880
885292,შპს მიკრობიოლოგი,212847277
885293,შპს ქ.თბილისის №14 შერეული პოლიკლინიკა,211340949
885299,შპს ელიავას საერთაშორისო ფაგოთერაპიული ცენტრი სხვა,205276770
885302,შპს მედფემი,445688275
885307,შპს პერსონალიზებული მედიცინის ინსტიტუტი,405071773
885308,შპს ქუთაისის № 1 პირველადი ჯანდაცვის ცენტრი,212913276
885363,ინდივიდუალური მეწარმე ანა ლებანიძე სხვა,10110454
885368,შპს ოდონტი,405254923
885379,შპს მენტალვიტა,205271784
885383,შპს ბათუმი დენტალ კლინიკ BATUMI DENTAL CLINIC,445441709
885404,შპს სამედიცინო დიაგნოსტიკური ლაბორატორია ემდილაბი,412732798
885405,დენტისტ-ჯე შპს,204533647
885406,შპს გს კომპანი პრო,445679098
885407,ნუგზარ ასანაშვილის სახელობის სამკურნალო-პროფილაქტიკური ცენტრი შპს,202449519
885436,შპს ფემილი დენტი,405408768
885440,შპს დიადენტი სხვა,205212517
885442,შპს გითსი ფსიქეა – გიორგი ჭეიშვილის მენტალური ჯანმრთელობის ცენტრი,405489859
885454,შპს ქართული დენტალური ცენტრი,400044965
885457,შპს დავინჩი,405034680
885465,NULL,405489859
885485,შპს სმაილ გალერი,445517888
885490,შპს სმაილ ქეარი,402030912
885491,შპს კლინიკა ნ.ჯ სხვა,245630553
885518,შპს ბათუმი ლაიფი 2023,445724173
885875,ინდივიდუალური მეწარმე გვანცა ანიაშვილი სხვა,590011158
885877,შპს ექიმ ბუბნოვსკის ცენტრი,405067804
885891,ზაქარია როჭიკაშვილის გასტროენტეროლოგიური კლინიკა ესკულაპი შპს,405556125
247670,კლინიკური კარდიოლოგიის ინსტიტუტი შპს,400037875
885911,შპს ქეთევან გოგილაშვილის სტომატოლოგიის ცენტრი ალბიუსი,204496928
885920,შპს ნებულა დენტი,406371493
885963,შპს პიერ ფოშარი,437079554
885965,შპს იმედი,400009520
886362,შპს ჯანი,431953246
886366,ინდივიდუალური მეწარმე ნინო სვანაძე სხვა,600010402
886432,შპს დენტალ ჰელფი,436254367
886435,შპს გრინმედი,400011802
886440,შპს დენტო რუმს ჯგუფი,443871348
886443,შპს მაცაცო ქვარცხავას სტომატოლოგიური კლინიკა,405355388
886444,შპს ვარკეთილის სამკურნალო ცენტრი,206029064
886447,შპს სენაკის ბავშვთა საავადმყოფო,239866542
886460,შპს WDC,404983176
515621,შპს ფარმანეტი,404890445
886487,შპს სამედიცინო ცენტრი მედიმედი,404472931
886488,შპს კუზანოვის კლინიკა Kuzanov clinic LLC,202377178
886490,შპს საოჯახო მედიცინის ეროვნული სასწავლო ცენტრი,202905945
886503,შპს კარდიოლოგიური კლინიკა მზეკარდი,412685214
886563,შპს პანაცეა სხვა,202250893
886588,შპს სამედიცინო ცენტრი დიომედი +,212749329
886594,შპს ლაზერი,211400027
886631,ნევროლოგიისა და ნეიროფსიქოლოგიის ინსტიტუტი შპს,204472720
886632,შპს ირაკლი კოხრეიძის საკონსულტაციო ცენტრი,405449974
886644,შპს დავით მამულაშვილის სტომატოლოგიური კლინიკა,400322496
886645,შპს დენტ ფოინთ სხვა,400323949
886646,შპს +ულტრა დენტი,404423744
886655,შპს ბუდაპეშტი 2019,405307225
886660,შპს დენტალონი,401984554
886661,შპს MS CLINIC,404932141
886666,შპს ოფთალმედი,405012445
886679,შპს ა1,405387656
886697,შპს პლატომედი,405367286
886700,შპს მარიკა კუბლაშვილის სტომატოლოგიური ცენტრი,405475301
886702,შპს დენტალ არეა,417902559
886728,შპს რემედიცი,404510347
886729,იმ ნანა ცომაია სხვა,230010012
886735,შპს დინ-ფარმა,402005192
886743,შპს აილაინი,412713737
886744,შპს აკად. გრიგოლ მუხაძის სახელობის ჰემატოლოგიისა და ტრანსფუზიოლოგიის ინსტიტუტი,405013195
886745,შპს დანბლანში,405063274
886761,შპს ფიზიოთერაპიისა და სპორტული ტრამვის კლინიკა,400132922
156981,ფრანგული სამედიცინო ცენტრი კახეთი-იონი აიპ,227766842
886780,შპს ყიფშიძე 2014,416311529
886805,შპს მინანქარი,405370192
886814,შპს ოქსერ,445427182
886815,შპს თამაზ ორაგველიძის კარდიოლოგიური ცენტრი,401963693
886818,შპს ჯიენჯი ფარმა,200267549
886824,ინდივიდუალური მეწარმე ანიკო რაზმაძე სხვა,10140000
886833,შპს ქ.თბილისის N2 საოჯახო მედიცინის ცენტრი,200006493
886886,შპს ქ.თბილისის №19 მოზრდილთა პოლიკლინიკა,206040728
886888,შპს გიორგი ბრეგაძის სამედიცინო ცენტრი კაპილარი,405720778
886958,შპს ლუმოს ვიჟენ,404684935
886960,შპს სმაილ გალერი,402129745
886965,შპს ჯანმრთელი ოჯახი,406110783
886967,ინდივიდუალური მეწარმე ქეთევანი ვარაზაშვილი სხვა,130010102
886971,შპს ბაქტერიოფაგის ავტორიზებული აფთიაქი,405015175
5434,შპს ვისტამედი,205267780
886991,შპს მანანა მგალობლიშვილის რეპროდუქციული მედიცინის ცენტრი,249265012
887029,სტომატოლოგიური კლინიკა დენტიცო შპს,105175284
458049,ჯი-ემ შპს,416352985
887041,შპს ედელვაისი ბ,406267196
887042,შპს ეკატერინე ფერაძის სტომატოლოგიური ცენტრი,443875273
887043,შპს პროფ. ჟორდანიას და პროფ. ხომასურიძის რეპროდუქტოლოგიის ინსტიტუტი,404888289
887091,შპს გაგა ლაფანაშვილის კლინიკა,201948786
887096,შპს იმპულსი,245446174
887098,შპს სოფია 13,405603146
887139,შპს მედიქალ ცენტრი,417883945
887151,შპს დიაგნოსტიკური ცენტრი ბიომედი,412762489
887153,შპს მარსანი,405221567
887185,ავადმყოფთა მომსახურე სასულიერო პირთა ორდენის (კამილიელების) ფილიალი საქართველოში შპს,204900250
887190,ვლადიმერ კუკულაძე - სამ. კომპანია იმპულსი სხვა,620010014
887191,შპს ზუმა დენტი,200010415
887192,შპს სამკურნალო დიაგნოსტიკური ცენტრი ლოკუსი,200102897
887201,შპს თალიზი,211379220
887229,შპს სითი ფიზიო - ხერხემლისა და სპორტული ტრავმის კლინიკა,405546011
887242,შპს ბავშვთა სარეაბილიტაციო ცენტრი რეჰაბ,405180450
887251,შპს მაკა ღარიბაძის სტომატოლოგიური კლინიკა,406252344
37513,ი. ბოკერიას სახელობის ნეიროგანვითარების ცენტრი შპს,202056372
887277,შპს სასტუმრო - თბილისის სპა კურორტი,404585640
887278,შპს საქართველოსა და ისრაელის სტომატოლოგიური ცენტრი,405401729
887280,ავთანდილ ხუჭუა - მიულერდენტი შპს,105022706
887286,შპს სტომუსი,405189601
887287,შპს გ.მ,400242475
887295,შპს გ.ა. სტომატოლოგიური კლინიკა,402225196
887404,შპს ნიუდენტ XXI სხვა,245626158
887407,შპს მედსერვისი,200001247
887419,შპს სოლო კლინიკ ჯორჯია,404667829
887420,შპს დენტალ 24,405695181
37405,შპს ბიომედიკა,405045044
887425,შპს შენი კლინიკა ჯიქიაზე,405404904
887452,შპს დავით მეტრეველის სამედიცინო ცენტრი,404869380
887458,შპს ჯეო ფარმა,406158697
53813,შპს ნინო ქარდავას სტომატოლოგიური კლინიკა,404475180
887504,შპს VC,216329426
887517,შპს ოპტიმა დენტალი,406111407
887528,შპს ნიუ იმიჯ ორთოდონტიქსი,402285175
887552,შპს სტაილ სმაილ კლინიკ,404539567
887575,შპს ლა დენტი,205204330
887585,შპს ჰეკატე,245436096
887603,შპს დენტალ ენდ ესთეტიკ სტუდიო,405476649
887608,"შპს""მკურნალი-სენაკის საოჯახო მედიცინის ცენტრი""",439863480
887630,შპს დენტალ ლაინი,404590420
887631,შპს ექომედი,216454218
887634,ინდივიდუალური მეწარმე ნინო კობიძე სხვა,104961800
887643,შპს პირველი და ორი,404639744
887665,მზექალა დუდუნია სხვა,580010053
887666,შპს თამარ გაგოშიძის ნეიროფსიქოლოგიის ცენტრი სხვა,405243026
887667,შპს ნეფროლოგიის განვითარების კლინიკური ცენტრი,406034937
887698,ინდივიდუალური მეწარმე გიორგი ჩილინგარიშვილი სხვა,470010377
887727,შპს ელელგრუპი,405427916
887729,შპს ეუ-ლაბი,405443541
887732,შპს დენტალ ცენტრი,405133671
887742,ი/მ ცირა აბლოთია შპს,190010140
887797,შპს ოჯახის მკურნალი,204575851
887806,შპს ჯეოსვისლაბი,404886147
887807,შპს სამედიცინო ცენტრი ბიომედი,405637823
887834,შპს მედიქალ ლოგისტიკს გრუპ,400323725
887908,შპს გველესიანის სტომატოლოგიური კლინიკა ალბა-დენტი,202278597
887909,იმ მურად ღვინჯილია სხვა,510010006
887911,შპს სი ეს აი კლინიკა,404511961
887950,შპს რემედი დენტალ,406310843
887951,შპს უნისტომი,404904877
887984,შპს პანორამა,400290573
888015,შპს ედისონმედი,400275732
888041,ელიდენტი შპს,405406751
888052,შპს მაი სმაილი,400163041
888059,შპს პერსონამედი,420009289
888068,შპს თვალის კლინიკა,437372460
888072,შპს ევროპული სამედიცინო ცენტრი,412696462
888123,შპს ქ. ბათუმის N 4 პოლიკლინიკა,245425197
888128,შპს ქართულ-გერმანული სტომატოლოგიური კლინიკა ვოკო-დენტალი,402040420
888129,შპს ლორმედ,245629510
888130,შპს ისი-დორე,237079941
888131,შპს ნინო კორძაძის სტომატოლოგიური კლინიკა,400103972
888161,შპს დენტა ფიქსი,405658426
888163,შპს ნეგი,445451323
888168,შპს კლინიკა ანატომია,402180493
888186,ინდივიდუალური მეწარმე ქეთევან ბარბაქაძე სხვა,570010506
888211,შპს ქალი და ჯანმრთელობა,204950115
888213,"შპს""შორენა მიმინოშვილის სტომატოლოგიური კლინიკა ნი დენტი""",402316276
888226,შპს ვ.პ. დენტალი,205260395
888227,შპს გლუკოზა პს,445527190
888233,"სს""საქართველოს კლინიკები""ხულოს კლინიკა",",0447620,"
888262,შპს სმაილ სოლუშენ,400319703
888266,შპს შენი სამედიცინო ლაბორატორია,404681073
888267,შპს ბიუთი მედი,405287737
888283,შპს დენტალ ჰაუსი,405112300
888308,შპს Elite-dent+,247009650
888319,იმ მთვარისა მთვარაძე სხვა,360010038
888355,შპს კტ დენტი,448412557
888359,შპს ნუგოდენტი,400047114
888364,შპს იორ დენთისთ,445676876
3469,"შპს ჰეპატოლოგიური კლინიკა „ჰეპა""",205093147
888382,შპს ქუთაისის №2 პოლიკლინიკა,212674710
888436,შპს მკურნალი,244549002
888505,შპს ფარმთაუნი,446979725
888529,შპს მედიქალ ნეთვორქ,405641122
888536,იმ ქეთევან ქავთარაძე სხვა,111344518
888543,შპს მმს,215083040
888545,"ს.ს. თ.ცერცვაძის სახელობის ინფექციური პათოლოგიის, შიდსისა და კლინიკური იმუნოლოგიის სამეცნიერო პრაქტიკული ცენტრი სს",21215375
888561,შპს N21 ბავშვთა პოლიკლინიკა,201947368
888578,შპს ესთეტიკი,416310959
888604,შპს დენტაპრიმ,204964333
888605,შპს კლინიკა არია,404557252
888607,შპს ალექსანდრე კაკაბაძე,400019298
888638,ინდივიდუალური მეწარმე ეკატერინე ცირეკიძე სხვა,112847732
888668,ი.მ ლანა ბალანდინა სხვა,600010351
888670,"შპს ""კვანტალიანის სახ. სისხლის ბანკი","20486810,"
888779,შპს ვენუს ჯორჯია,202289184
888797,იმ გიორგი ჩოჩნიძე სხვა,126164880
888798,შპს სი ენ სი,405096435
888824,შპს ექსნერ და კომპანია,205125924
888840,შპს ვიტასკანი,405656525
888849,იმ ნინო მინდიაშვილი სხვა,180010534
888863,შპს ირაო,202066450
888881,შპს ბრენდ მედიკალი,405482749
888899,ოზურგეთის ბავშვთა სამკურნალო ცენტრი შპს,237080984
888905,შპს მიხეილ ფეიქრიშვილის სახელობის სამედიცინო კლინიკა ალფამედი,204970754
888907,შპს ჰერბიონა - დავით ვაშაძის ფიტო-ბალნეოთერაპიის ცენტრი,405384604
888910,შპს ტერმინალი,220004615
888912,ი/მ გიორგი ქვარცხავა სხვა,190010124
888955,შპს ჩვენ,445648265
888966,სს ევექსი - ზუგდიდის პოლიკლინიკა,405670005
888984,ი/მ არტურ აშიკიანი სხვა,470010335
888991,შპს ორთოდონტიული ცენტრი,203864540
888997,შპს ელ ელ-დენტი,417893863
889002,იმ მირზა ნაკაშიძე სხვა,146761288
889003,ინდივიდუალური მეწარმე რეზიდენტი სხვა,610040356
889005,შპს სენამედ-პლიუსი,404945761
889010,შპს პულსი პლუსი,402064476
889036,შპს ნაიფარმ +,445566888
889074,შპს ცაგარეიშვილის სამედიცინო ცენტრი,412683957
889093,შპს უჩა,212152132
889101,შპს ოლიკო ბაზლიძის სტომატოლოგიური კლინიკა,405370922
889113,შპს პმპ-დენტი L.T.D.PMP-DENT,417875678
889115,ი/მ ლალი ველიჯანაშვილი შპს,590010299
889141,შპს პოზიტივ მედიქალ ჯორჯია,445466022
889280,ეკატერინე ფოცხვერაშვილი-ლაბორატორიული დიაგნოსტიკა სხვა,470010067
889376,რეაბილიტაციისა და განვითარების საქველმოქმედო ცენტრი თანაზიარი შპს,220341841
28579,სსიპ აპ.ურუშაძის სახ. სტომატოლოგიური კლინიკა,211328703
889393,შპს ეკა ალავერდაშვილის სტომატოლოგიური კლინიკა არტ სმაილი,406392158
889402,ი/მ ნონა რეხვიაშვილი შპს,100010026
889404,შპს თი ეს აი,406252825
889451,იმ ელზა ბაქრაძე სხვა,102295507
889462,შპს კარდიოკლინიკა-დიღმის სამედიცინო ცენტრი,401993303
889464,შპს ელ ფარმი 2024,436061333
26590,შპს ესთელაინი,204955076
889531,ი/მ გიორგი მოდებაძე შპს,250010246
889693,ალექსანდრე საბეკია-ჰეფი ჰართ შპს,149250805
889706,შპს ეკა შეშაბერიძის ჯანმრთელობის და რეაბილიტაციის ცენტრი,404915240
889731,ი/მ დალი უმფრიანი შპს,620070048
889736,შპს Dental World,404400849
889745,შპს ღიმილის სააგენტო,420432231
889788,"სს""გლობალმედის საუნივერსიტეტო კლინიკა""",402101329
889790,შპს ჰელსი ლუქ,405522073
889794,შპს მობილმედსერვისი,405002152
889801,შპს მარგალიტი,404416039
889810,შპს სამედიცინო-სამკურნალო ცენტრი გერგილი+,212812438
889821,შპს STAR-MED,448047319
889825,შპს ქუთაისის მოზრდილთა N5 პოლიკლინიკა,212686477
889843,შპს ჰეალაინ ინტერნეიშნლ,200122036
889867,ი/მ თამარი გოგოლაძე NuMa Dent შპს,470010021
889930,"შპს""ჯანმრთელობის სახლი""",404438033
889942,შპს მესხი,422736766
889950,ი/მ ვლადიმერ მარგველაშვილი შპს,103812313
890813,იმ მიხეილ სარუხანოვი სხვა,106055964
890814,შპს კლინიკა ელიტე,430024332
890815,შპს ფარმა ბუმი 1,406481329
890820,შპს მიამედ კონსილიუმი სხვა,212274698
890830,შპს კესარელის სტომატოლოგიური ცენტრი,434157663
890844,შპს ქეიეფ დენტალი,400317233
890846,"შპს ""დენტალ რუმი""",406171645
890852,შპს ეშვი,416362705
890875,შპს MEDHOUSE,400090842
890887,შპს დენტორი,400320773
890895,შპს პეტრე სარაჯიშვილის სახელობის ნევროლოგიის ინსტიტუტი სხვა,205217521
890898,შპს ტოტალ შარმ ვაკე,404596638
890929,შპს ნინო ნინიძის სამედიცინო დიაგნოსტიკური ცენტრი,416331552
890930,შპს ქუთაისის ბავშვთა და მოზრდილთა №4 სამკურნალო-დიაგნოსტიკური ცენტრი სხვა,212688064
890944,შპს დენტა,200010433
890965,იმ ვახტანგ კალანდია სხვა,620010105
890969,შპს ქიდს სმაილი,445511660
890971,შპს გლობალ დენტ არტი სხვა,405287112
891020,შპს ენდენტალ კლინიკ 2022,427744328
891037,შპს ბათუმი სითი მედი,445723897
891604,შპს მედოფარმა +,446979789
891704,შპს ფემილი დენტისტ სხვა,445503349
891818,შპს ჰარმონია ბათუმი,445477877
891885,"ი/მ ავთანდილ ყუბანეიშვილი კლინიკა ""ავთანდილი"" სხვა",600020181
891892,შპს ესთეტიური სტომატოლოგიის ცენტრი კალასი,406246218
891909,შპს აჭარის კანის და ვენსნეულებათა რეგიონალური ცენტრი სხვა,245423545
891979,შპს ჰებე,405212443
891988,შპს გ. მ. დენტალ გრუპ,412731361
891989,შპს მ. გ. დენტალი,416362590
891990,შპს ქუთაისის რეგიონალური კანისა და ვენსნეულებათა დისპანსერი,212688046
892015,ქართულ უკრაინული მედკაბინეტი შპს,10010249
892016,შპს ქ. თბილისის №11 სამკურნალო-პროფილაქტიკური ცენტრი,206039758
892017,შპს ოპტიმუს დენტალ სტუდიო,405533935
892063,შპს სამედიცინო ჰოლდინგი 23,400027127
892085,ნინო კიბორძალიძე - Etra dentist შპს,102183548
892145,შპს კრეატორს ოფ სმაილს,445586704
892170,შპს ენდო+,405403754
892179,შპს ბეტა პლუს ფერტილიტი,405277640
892227,შპს ფარმატონი სხვა,440388554
892246,ონკოპრევენციის ცენტრი შპს,202955971
892247,შპს გრაალი + სხვა,204982938
892250,შპს ელიზ დენტი,404477909
892252,შპს ჯი ბი დენტი,406412467
892312,იმ ირინა ახობაძე სხვა,370010012
892313,იოსებ ქაფიანიძე - მაქსიდენტ + შპს,106075470
892328,შპს გარანტი M,401981147
892329,შპს დენტალ შარქს,402286664
892331,შპს ასტრა დენტალ კლინიკა,405679047
892342,ი/მ გიგა ფაჩოშვილი შპს,450010079
892367,შპს ფარმა სესი+,445542146
892404,ინდივიდუალური მეწარმე ნინო ნაყოფია სხვა,620090000
892412,შპს გინმედიქალი,405554699
892476,შპს სმაილი,402030967
892485,ინდივიდუალური მეწარმე არტურ ბალასანიან სხვა,124402850
892529,იმ ირმა ჯანელიძე სხვა,530010429
892564,სპს თამარ ზოიძე,248383039
892570,შპს დენტალ ლაუნჯი სხვა,245626041
892571,შპს ჯ.მ.ჯ,245433758
892593,ი/მ ლიანა შალამბერიძე შპს,620010198
892615,შპს მოლარი,412671693
892617,ი/მ ელენე სალუქვაძე სხვა,180010133
892634,შპს დედა და ქალი,406300934
892747,იმ ნინო ნასყიდაშვილი სხვა,124088593
892944,საქართველოს ტერფის და კოჭწვივის სახსრის ინსტიტუტი შპს,404557243
893341,შპს ნუგეში პლიუსი,446956660
893638,შპს რიხტერის კლინიკა სხვა,402270449
893658,ანა დავითიძის სტომატოლოგიური კლინიკა შპს,430010382
893669,"შპს ,,ჯი რიმონ""",446612766
893797,შპს ეკოფარმა,405234090
893810,შპს იუჯი რეავიტა დენტი,405292589
893853,ი.მ მარეხი ლოლაძე შპს,180010393
893854,შპს ინტერნეიშენალ მედიკალ კლინიკ,402325275
893942,შპს Beauty Life,204557639
893974,შპს იმეჯიქს მედიქალ,404683491
894022,შპს კაფსულა 25,402334309
894063,შპს ნინო დადვანის ესთეტიკის და სტომატოლოგიის ცენტრი,405593111
894077,შპს ჰელიოდენს,404412827
894080,შპს სამედიცინო ცენტრი ველმედი,420423731
894081,NM დენტალი შპს,10300076
894087,შპს ლაგიმედი,412700242
894091,შპს თ.მ. დენტალ კლინიკა,400329462
894094,შპს №8 სამკურნალო დიაგნოსტიკური ცენტრი,206035565
894103,შპს ვი ვი ეს,405228846
894113,შპს კარდინალ დენტი,412755567
894563,ი.მ ნათია ხარბედია სტომატოლოგიური კაბინეტი შპს,390010003
894566,ინდივიდუალური მეწარმე ანა ჯოხაძე სხვა,126564341
894819,შპს იარალი,200265836
894835,სს რუსთავის ბავშვთა საავადმყოფო,216315681
894856,შპს ტრეზორი შპს მოლეკულური მედიცინის კვლევითი ცენტრი - პრაიმაქსი,404578051
894877,შპს სამედიცინო ცენტრი ესთერი,203845125
894878,შპს სტომატოლოგიური კლინიკა დენტ ადეპტი+,406098967
894996,ი/მ ნინო ბერიძე შპს,10190456
895013,ინდივიდუალური მეწარმე მარინე სტურუა ხარება სხვა,138758039
895016,ნატალია კოპალიანი შპს,600010251
895018,Acibadem აჯიბადემი თურქეთი სხვა,10251
895052,ი/მ თამარ ხარაბაძე შპს,530010069
895068,ინდივიდუალური მეწარმე ელენე ბერძენიშვილი სხვა,4010442
895100,კირვალიძე სტუდიო დენტალ შპს,405537101
895130,შპს ვერა-დენტი,204513927
895154,გიორგი ვაჩეიშვილი სხვა,138764638
895158,შპს დერმა პლიუსი,405349706
895182,შპს რუხის რესპუბლიკური საავადმყოფო,420012667
895278,შპს Dent-x,400031336
895283,შპს სოლუ დენტი ,430032172
895319,შორენა ქარჩავა სხვა,120347180
895394,შპს ნაო,428518936
895412,"ი/მ ვლადიმერ ბერაძის სტომატოლოგიური კლინიკა ""დენტალ ლი"" სხვა",130088242
895441,შპს ნიკა,203837045
895446,DENTAL STORY შპს,390010375
895450,შპს ბათუმის დიალიზის და ნეფროლოგიის ცენტრი,405045437
895466,ალექსანდრე ნათიშვილის მორფოლოგიის ინსტიტუტი (ივ. ჯავახიშვილის სახელობის თბილისის სახელმწიფო უნივერსიტეტის) შპს,204864549
895470,ი/მ ქრისტინა ბერძნიშვილი სხვა,10130088
895482,ინდივიდუალური მეწარმე ნინო გრიგალაშვილი ფამილი ლაბ სხვა,570010266
895483,ლალი ბეროზაშვილი ინდ მეწერმე სხვა,570010215
895486,ზვიად ხარატიშვილი სტომატოლოგიური კლინიკა სხვა,10300156
895520,შპს ირმა ხვიჩიას რეაბილიტაციის ცენტრი,445593206
895524,შპს თორელი,405211346
895545,შპს ბაკურ კოტეტიშვილის ფსიქონევროლოგიური კლინიკა,205193137
895579,შპს თელავი ფარმაცი,431441031
895580,შპს ოდიდენტი,400413557
895735,შპს დეამედი სხვა,405243990
895739,შპს ტერფის ფუნქციონალური დიაგნოსტიკისა და კორექციის ცენტრი-ტერდი,211395042
895786,ი.მ მელანო ტორონჯაძე სხვა,10050001
895787,შპს მედ 11,400245533
895795,შპს სამედიცინო გენეტიკის და ლაბორატორიული დიაგნოსტიკის ცენტრ,404580501
895827,E M DENTAL CLINIC შპს,10030059
895864,შპს ორსმედი,404469366
895865,შპს სანი,401958226
895950,შპს ჯითი-დენტალი,416314385
895991,ინდივიდუალური მეწარმე ნანა ზარდიაშვილი სხვა,13018048
895997,შპს დემამა,424093322
896025,შპს რუსთავის მედიცინის სახლი - №1 სამკურნალო დიაგნოსტიკური ცენტრი,416294566
896041,შპს ჯმფ,402036756
896080,ი/მ ანა გოჩელაშვილი სხვა,620010258
896087,შპს გალა დენტი,406044926
896097,ლ. საყვარელიძის სახელობის დაავადებათა კონტროლის და საზოგადოებრივი ჯანმრთელობის ეროვნული ცენტრი სხვა,211324350
896291,შპს მარმედი სხვა,405560780
896412,შპს ვ. სანიკიძის სახელობის ომის ვეტერანთა კლინიკური ჰოსპიტალი,202054988
896413,შპს ქალთა კლინიკა,405338987
896459,შპს ჯი ენდ დი,406306091
896464,შპს ნინო ფიფიას კლინიკა დენტი,406372688
896492,გვანცა ტოხიშვილი სხვა,111111114
896506,შპს წყნეთის საექიმო ამბულატორია,204869455
896508,ინნ დენტალ სტუდიო შპს,10290126
897196,ლელა მერაბიშვილი სხვა,470010046
897276,შპს რენოვა 2024,420016627
897377,ი/მ ინგა ღანიშაშვილი სხვა,230010009
897421,შპს ახალი ცენტრი დენტალ პალასი,420431893
897426,NT დენტი სხვა,121212129
897447,სს ევექსი - მთაწმინდის პოლიკლინიკა,405670009
897467,შპს სატახა,236689696
897471,ი. მ ასლან ფარტენაძე შპს,610060176
897476,შპს ხელვაჩაურის სამედიცინო ცენტრი,248384519
897489,შპს პირველი სამედიცინო ცენტრი,200007140
897496,ი/მ თეიმურაზ ძოძუაშვილი შპს,530010093
897539,შპს საოჯახო სტომატოლოგიური ცენტრი - ჩემი სტომატოლოგი,445479278
897540,შპს დანაგი,445593019
897543,შპს ტოტალ,215139151
897544,შპს ახალი სამედიცინო ტექნოლოგიები,400179436
897547,შპს ჰაიმედი,416291113
897618,„დისტანციურად მომუშავე ექიმი„,555443322
897624,შპს ენდოკრინოლოგიური ცენტრი,212688055
897634,შპს დენტარისი,400366858
897635,შპს პრაიმ კლინიკა სხვა,405572624
897656,შპს კლინიკური დიაგნოსტიკური ცენტრი ნიკემედი,404954563
897660,ზაირა ქიტოშვილი სხვა,130010064
897666,შპს ენენ,400317858
897679,შპს სტუდიო დენტალ,416305242
897722,თამარ ჩადუნელი სხვა,10080473
897725,შპს ინტეგრაციული და ოსტეოპათიური მედიცინის ცენტრი,404731901
897732,შპს დუღაბი № 1 ,424611548
897798,შპს ვეგა დენტ,400214763
897802,შპს პი ემ დენტალი,405233894
897803,ჰელიო-დენტი შპს,404415272
897829,სამედიცინო ცენტრი სეუ კლინიკა შპს,406024868
897855,შპს რეაბილიტაციის ცენტრი ახალი ხედვა,402242729
897871,შპს დენტალ ქეა,400136081
897875,შპს ქუთაისის რეგიონალური სისხლის ბანკი,212677566
897884,ინდივიდუალური მეწარმე რატი არბოლიშვილი - დენტალუქსი სხვა,104962275
897890,შპს თეომედი,204950605
897939,ინდივიდუალური მეწარმე ციცინო ლაბაძე სხვა,570010193
898005,გუგა სიხარულიძის მენტალური ჯანმრთელობის კვლევითი ცენტრი სხვა,123123124
898010,შპს თბილისის №24 ბავშვთა პოლიკლინიკა,209472881
898038,შპს ელიტა მედი,404434652
898056,"ნათია გაჩეჩილაძე, სტომატოლოგიური კლინიკა Plura Denti სხვა",106204964
898100,შპს დენტალ-ლ,202173254
898179,შპს ჯითი-ფარმ 1,445620588
898257,შპს რეკომენ დენტი,400179061
898263,შპს ინვიტა,416373383
898404,ია დენტი სხვა,570010138
898427,რეაბილიტაციის რეგიონალური ცენტრი შპს,445570953
898469,შპს სენაკის საავადმყოფო-პოლიკლინიკური გაერთიანება,239865071
898516,შპს სითი-დენტ გრუპი,404510604
898526,ი/მ გულნარა მაღლაფერიძე ართრომედი შპს,600020082
898580,შპს ჰელსივეი ფარმა,405720803
898630,შპს ბარრი ჯორჯია,405378336
898662,შპს ლია ბაწელაშვილის სტომატოლოგიური ჰაბი ვაით ლაინი,416352887
898677,შპს ტოტალ დენტი,405381894
898705,შპს რამიშვილის სამედიცინო ცენტრი,405739731
898713,შპს მენტალური ჯანმრთელობის საერთაშორისო კვლევითი ცენტრი,405615936
898783,შპს კერამიკო სხვა,5215159
899155,შპს თვალის კლინიკა აისი,437373370
899183,ი/მ დალი ალხანაშვილი შპს,400010292
899184,შპს დეფარმი,446969665
899316,ინდივიდუალური მეწარმე შორენა ხოშტარია სხვა,139888110
899344,შპს აღდგენითი თერაპიის ცენტრი ჰარმონია,401948381
899419,შპს დიაგნოსტიკა და ლაბორატორია,412766289
899501,ინდივიდუალური მეწარმე ნუნუ მატუა სხვა,102934087
899537,შპს თ.ერისთავის სახელობის სამკურნალო პროფილაქტიკური ცენტრი „მკურნალი“,401996113
899543,შპს სტომატოლოგიური კლინიკა თ.ფ.,405039088
899544,შპს ნ.ბ.დ. კომპანია,448411987
899552,შპს კისკის დენტი,402298786
899553,შპს იდეალ სმაილი,445637142
899567,შპს ახალი ღიმილი 21 საუკუნე,448417641
899606,შპს სამკურნალო-გამაჯანსაღებელი ცენტრი ანთროპოსი,202388754
900134,ვიტაფარმი სხვა,400271503
900161,პირველი ნაბიჯი საქართველო სხვა,202061838
900222,შპს ოსტეომედი,416381427
900277,შპს ცოცხალი პლანეტის კომპანია,206295445
900295,შპს დენტალ ჰოუმ,404988796
900305,სარა მამედოვა სხვა,120010208
900307,შპს ფიზიკური მედიცინისა და რეაბილიტაციის ცენტრი კინეზისი,406320850
900335,შპს ბაგუ დენტი,420017127
900349,შპს პროფი ესთეტიკი,405589448
900350,შპს ერთობა,405425179
900815,შპს ოფის დენტალი,445598755
900827,მიხეილ წერეთლის სტომატოლოგიური ცენტრი – ფემილი სხვა,10110278
900894,შპს დენტალმარკეტ,205294072
900897,ი/მ მაია ალბუთაშვილი შპს,80010028
900905,შპს ქუთაისის დ. ნაზარიშვილის სახელობის საოჯახო მედიცინისა და საოჯახო მედიცინის რეგიონალური სასწავლო ცენტრი,212693770
900912,ავერსი/პსპ/გეფა/იმპექსი,121212121
900913,ავერსი/პსპ//იმპექსი,121212122
900919,დენტალ სტუდიო G.K შპს,405305664
900971,ზ.უგრეხელიძის სახ.სამედიცინო ცენტრი შპს,41268206
900991,შპს ამიდენტი,416368321
901029,ვალერი ქოჩარიანი ი/მ სხვა,10250024
901041,შპს რემეა,406502208
901045,შპს ანი დენტი,406186005
901188,ი/მ მარიია ლორდქიფანიძე შპს,12011563
901194,შპს მედი პრივე,404383698
901196,ი/მ ლაშა აბრამიშვილი შპს,10090006
901199,შპს ქალთა ჯანმრთელობის ინოვაციური ცენტრი,405228579
901305,შპს დენტუს,402141446
901306,შპს ბელლა-დენტ,406271859
901307,ზიზი ჭელიძის სტომატოლოგიური კლინიკა შპს,406324605
901384,შპს ეკატერინე ხიდაშელის სტომატოლოგიური კლინიკა,402203398
901451,ესკულაპი (ი/მ ნინო გურულის სტომატოლოგიური კლინიკა) სხვა,540010047
902209,შპს სიესდი საქართველო,406208642
902225,შპს კენარი სხვა,40439222
902256,NMN Dental studio სხვა,111111118
902257,ლაიონსების თვალის დიაბეტური კლინიკა - საქართველო სხვა,405259740
902294,ინდივიდუალური მეწარმე ნოდარი ხობუა სხვა,530010441
902303,შპს ნეიროგენეტიკისა და მეტაბოლიზმის ცენტრი,405197317
902381,შპს პრემიუმ ფარმა,400420772
433796,შპს სენა-მედი,202948819
902484,შპს არტ დენტალ ჰაუს,412758378
902485,შპს პერსონალ ორთოდონთიქს,405372430
902515,შპს აპექსდენტი,404885709
902516,შპს სანადენტი Sanadent,405023638
902540,შპს ოპტიმედი,205014946
902594,შპს რეგიონული ჯანმრთელობის ცენტრი,405477719
902617,ი/მ ხათუნა ელოშვილი შპს,10020186
902653,შპს ლ კვადრატი,406284168
902665,შპს თელავის ფსიქონევროლოგიური დისპანსერი,231171157
2353,შპს ნიუ ჰოსპიტალს,205210467
902725,შპს ლევან ქავთარაძის სახელობის სამედიცინო ცენტრი,244549000
902852,სსიპ თსსუ №1 სტომატოლოგიური კლინიკა,"21132870,"
902853,"შპს ""მრჩეველი"" ბათუმი","20495449,"
902854,"შპს ""მრჩეველი"" ქუთაისი",20495449
902856,"შპს ""ენდოკრინოლოგიის ეროვნული ინსტიტუტი"" ბათუმი","99999907,"
902857,"შპს ""ენდოკრინოლოგიის ეროვნული ინსტიტუტი"" ქუთაისი",99999907
903005,ირაკლი შამათავა სხვა,620010402
903009,შპს ემელ დენტი,412728883
903010,შპს პა-კა 2024,445731806
903047,შპს მარიმედი,432539782
903062,შპს დენტა +,211323085
903063,შპს სამიდე დენტალი,405729467
903138,შპს უნირად ჯორჯია,430046041
903188,შპს ემენ-დენტი,406152648
903258,ი/მ მაია მაჭარაძე შპს,550010005
903259,შპს ფასიანი სტომატოლოგიური პოლიკლინიკა,217879534
903266,შპს ქურთის საავადმყოფო,217881175
903302,შპს იმედი და მარიამი,217885251
903330,შპს ალქიდეა-2018 სხვა,412735928
903369,შპს ქ. ბათუმის კანისა და ვენსნეულებათა სამედიცინო ცენტრი,445771004
903380,შპს დ.ორთოპედი,445686311
903411,"შპს ლკ დენტი ,,LK dent''",10240621
903434,შპს კლინიკა პერსონა,402299473
903456,შპს მენტალ ჰაბ,405378247
903466,შპს აკადემიური 2,405277178
903513,LK Dent სხვა,10240650
903521,შპს სამკურნალო-დიაგნოსტიკური ცენტრი სანო,416311556
903547,შპს სოფია გოგუაძის სტომატოლოგიური ცენტრი ეს ჯი,405602290
903553,შპს საოჯახო მედიცინის რეგიონალური ცენტრი,245428416
903785,შპს მაია მუმლაძის სტომატოლოგიური კლინიკა ჰელსი დენტი,404855153
903912,შპს კემო-დენტი სხვა,405259045
903947,შპს წილოსანი,445391031
903950,შპს ტაურუს +,205218156
904083,შპს ელეორი,406319906
904292,შპს ბენე დენტი,205197847
904305,შპს მანანა შეროზიას თვალის კლინიკა,202180362
904327,შპს თბილისის ბალნეოლოგიური კურორტი,204380035
904468,შპს არქიდენტი,203855952
904506,თეა კიკალეიშვილი სხვა,10300033
904542,"შპს ""ტერმინალი"" კლინიკა სანუსი",22000461
904634,ი/მ ნათია თევზაძე შპს,600011298
904655,შპს ჩვენი ოჯახი,205014063
904689,შპს 3დ პარტნიორი,400206219
904713,შპს რეჰაბ სფეისი,405353629
904795,შპს ა კლინიკა ჯეო,405742497
904830,შპს ლუსენტი,445648381
904858,შპს დენტალ ლიდერი,412688382
904891,თსსუ სტომატოლოგიური საუნივერსიტეტო კლინიკა სსიპ,211328000
904896,ი/მ გიორგი თეიმურაზიშვილი შპს,10300119
904903,შპს ინტეგრა-8,405591854
904931,შპს კლინიკა ჰატერმანი სხვა,404878682
905020,შპს მედჰელსი სხვა,400171586
905024,ი/მ ეთერ კარელიძე - კლინიკა სნედი სხვა,590010020
905068,ინდივიდუალური მეწარმე ნუკრი დალაქიშვილი-დენტეფექტი სხვა,102084003
905205,სს რუსთავის სამშობიარო სახლი,216315690
905212,შპს ენ ჯი ფარმ 2024,402325989
905214,შპს სოლო ფარმა,402015154
905282,შპს დენტიცია,445600519
905295,ი/მ გიორგი ბუაჩიძე შპს,10240557
905326,შპს ყბა-სახის ქირურგიის სპეციალიზირებული კლინიკა,412681744
905471,შპს ევროსტომ,405595752
905533,შპს ოცდამეერთე საუკუნე,212709559
905779,ინდივიდუალური მეწარმე ლერი მოსელიანი სხვა,600010207
905803,შპს 32 დენტი,401943750
905917,შპს ბონ დენტე,405317811
905936,შპს როიალ ფარმა,405400917
905986,შპს ნეო-ნეო ლაზერი,402018160
906002,ინდივიდუალური მეწარმე ანა დვალიძის სტომატოლოგიური და ესთეტიური ცენტრი სხვა,10210032
906025,შპს Dentiver +,404944192
906124,შპს ალტერნატივა,216364351
906126,შპს პარაზიტოლოგი,406028659
906213,შპს ახალი სამედიცინო კომპანია,405190993
906217,ლევან ჯანელიძე სხვა,145552853
906227,შპს სამედიცინო დიაგნოსტიკური ცენტრი ჰოუფმედი ლაბ,412757020
906234,შპს იმპლა,400042075
907287,შპს კლინიკა ადორი,402086639
908116,შპს ელიტ არტმედი - კლინიკა ანიმა,405549599
908325,შპს ფიროსმანი,412677937
908326,შპს ენდოკრინოლოგიის ინსტიტუტი,400273832
908476,შპს ლეონარდო ესთეტიქს,405329504
908482,შპს რენიუ პლასტიკური ქირურგი,402313420
908489,შპს დენტო-არტი,406406116
908530,შპს ულტრა-დენტი,443859629
908587,ქეთევან გაბელია სხვა,115140463
908618,ილონა შელია ლაიფ პლიუსი სხვა,620040217
908626,შპს კლინიკა ველესი,400288443
908631,შპს მარიამ მანჯგალაძის სტომატლოგიური კლინიკა,405581954
908660,შპს კარდუ მედი,438734292
908748,შპს ჩემი კლინიკა ,406265697
908768,შპს იბერი +,212697860
908825,"შპს""ნეუ ლუქი""",204492913
908850,შპს კეკუას სამკურნალო დიაგნოსტიკური კლინიკა ულტრაბგერა,405234606
908963,შპს ოფთალ +,206344099
908966,შპს თელავის ფიზიკური მედიცინის ცენტრი,431441656
909192,ი/მ დალი მსხილაძე სხვა,141997061
909195,"შპს""ელგადენტ""",460012151
909361,შპს ორთო მედ ცენტრი დემა,404920877
909468,შპს მაი დენტ,445477699
909478,შპს ნატალის დენტალ სტუდიო,402301013
909481,"შპს""ინოვაციური მედიცინის საუნივერსიტეტო კლინიკა""",245412012
909674,შპს ფემინა,405319034
909745,შპს ჰართბით მედიქალ,437376938
909774,შპს თამარი თოლორაიას დენტალ კლინიკა,405476550
909803,ქრისტინე მაისურაძე სხვა,100229708
909819,შპს ალბიდენტი,400392543
909821,დენტალ კლინიკ გ.თ შპს,406426283
909841,შპს მდ დენტალ,400213951
909858,ი/მ ნატალია ხომასურიძე – ზეტადენტი შპს,10150139
910599,შპს დენტოსი,402171902
910760,ი.მ მერაბ ძაგოშვილი შპს,10230095
910761,შპს დენტო გრუპი 2024,405743290
910927,შპს მოდერნ დენტალ,418481351
911177,შპს ვაიბიეს მედიქალი,405705624
911189,შპს ვიტა-მედი,445497882
911319,შპს უნივერსიტეტი გეომედი,204909858
911509,"შპს""მედ.კო ჰელს ქეარ""",405483837
911682,შპს სიცოცხლის ხე,224067676
911736,შპს წყალტუბოს თერმული წყლები,405496477
911809,სერგო ასლანიანი სხვა,106150405
911834,შპს დინა,446957044
911835,ინდივიდუალური მეწარმე პრო დენტალ სფეისი სხვა,10130262
911959,პავლე ხუჯაძის სტომატოლოგიური კლინიკა შპს,405739116
912055,ნინო მიტიჩაშვილი სხვა,130010054
912117,შპს ფაკო + სხვა,405070765
912149,შპს დენტალ ველნესი,405666435
912178,შპს ემ.დენტალი,404587390
912182,რჩეული მედიქალი შპს,412779435
912190,შპს სადიაგნოსტიკო ცენტრი - დია,412689407
912406,შპს ამიდენტი,416352921
912508,შპს სონოარტი,420111128
912548,შპს კოპალ დენტი სხვა,438732427
912634,შპს ჯეო ფარმაკო,405593772
912651,არაპროვაიდერი კლინიკა სხვა,777777779
912692,შპს ჰელიო+ სხვა,400017780
912773,შპს მინიმალურად ინვაზიური ნეიროქირურგიის კლინიკა,406103425
912850,მაია რამაზაშვილი სხვა,10270149
913406,შპს ქუთაისის N4 შერეული პოლიკლინიკა,212670796
913415,სტომატოლოგიური კლინიკა “ ბოსსა ნოვა “ შპს,10240731
913420,შპს ჰელს მარკი,400297228
195598,თბილისის პედიატრიული პრივატ კლინიკა სხვა,200010022
913593,ი/მ ნანა ბაგაშვილი შპს,10300134
913660,სანი დენტი სხვა,450010010
913694,შპს ჯანმრთელობის და ესთეთიკის ცენტრი ასკლეპიოსი,412778784
913731,ი/მ მანანა წეროძე შპს,10210094
913864,შპს ზუგდიდის ბავშვთა პოლიკლინიკა,220007061
914035,შპს დეფა მედი,590011238
914353,შპს დენტალ მედიკუსი,405257387
914450,დისტანციური ზარალების პროვაიდერი შპს,191919191
914483,შპს ელენდენტი,405003552
914494,შპს ქ.თბილისის მოზრდილთა და ბავშვთა მრავალპროფილიანი N1 სტომატოლოგიური პოლიკლინიკა,206043949
914626,დენტალ ლენდი შპს,440010030
915242,შპს მედიქალ ქონსალთინგი,405702878
915355,შპს „პრაიმ დენტი,400313852
915454,შპს რენოვა ჯიემ,400443418
915473,შპს დედათა დახმარების სამეანო-გინეკოლოგიური განყოფილება ნინო,200073605
915588,შპს ბალუ დენტი,445595945
915679,ი/მ ცისანა ხვედელიძე შპს,350010404
916308,ი/მ დავით ღელეყვა შპს,330010001
916452,შპს თბილისის N2 ფილტვის დაავადებათა ამბულატორიული კლინიკა,202050895
916455,შპს ეგრისი ჯეო,402260646
916474,სტომატოლოგიური კლინიკა ორთოცენტრი შპს,350011162
917289,ი/მ თინათინ ტალიაშვილი სხვა,400010048
917339,ი/მ ნინო შუბითიძე სხვა,350010823
917450,სიდნეი როიალ კლინიკ შპს,405720359
917660,შპს მედიქალ ქონსალთინგი,10080538
917709,შპს თბილისი დენტალი,405752314
917776,შპს ბემბი,406138415
917994,შპს კანვესი ზუგდიდი,420439341
918795,შპს სპარტდენტალი,412775331
920113,ჯიდი-ორთო შპს,405416679
920668,"შპს""გლობალ ორთოპედი""",434176107
920994,შპს მოზრდილთა №2 პოლიკლინიკა,200006616
921112,შპს შვეიცარიულ ქართული თვალის კლინიკა სხვა,405281190
921816,დენტალ კრეატივი შპს,412776465
922144,ი/მ თეა ჩაფიძე სხვა,210010057
922368,Შპს ჯითი ფარმი შპს,445502778
925460,testD სხვა,963963963
925522,შპს ლაივ დენტ,412726741
927396,"სს ""ევექსი"" - გურამიშვილის პოლიკლინიკა",112233443
930894,"სს ""ევექსი"" - დიდუბის პოლიკლინიკა",405670000
930897,"სს ""ევექსი"" - ვაზისუბნის პოლიკლინიკა",405670000
930899,"სს ""ევექსი"" - გლდანის პოლიკლინიკა",405670000
930900,"სს ""ევექსი"" - დიდი დიღმის პოლიკლინიკა",405670000
930901,"სს ""ევექსი"" - ბათუმის პოლიკლინიკა",405670000
930902,"სს ""ევექსი"" - წმინდა ნიკოლოზის სახელობის სამედიცინო ცენტრი",405670000
930903,"სს ""ევექსი"" - ჩაქვის პოლიკლინიკა",405670000
930907,"ა(ა)იპ""ნიუ ვიჟენ უნივერსიტეტი"" აიპ",404987332
931604,"შპს""მედლაიფი25""",402344252
933099,შპს სტომატოლოგიური სახლი რუსთაველი,400117422
40597,სს სამედიცინო კორპორაცია ევექსი,404476205
935841,"სს""საქართველოს კლინიკები""- გორის რეფერალური ჰოსპიტალი",404476205
935847,"სს""საქართველოს კლინიკები""-ხაშურის რეფერალური ჰოსპიტალი",404476205
935848,"სს""საქართველოს კლინიკები""-ქარელის რეფერალური ჰოსპიტალი",404476205
940723,"შპს ""ინა პლიუსი""",446979182
941103,შპს რეჰელსი,420440730
941652,ი.მ ნინო ცხადაშვილი შპს,170010014
945887,დენტალ კონცეპტ ჯგუფი შპს,404765991
946237,DENTA სტომატოლოგია შპს,10300041
947637,ევექსი ლაბი სს,405670000
948198,"შპს ""მედ ინვესტმენტი"" დავით ტატიშვილის სპორტული მედიცინის და რეაბილიტაციის ცენტრი",405334213
948208,"სს""ევექსი""-სათაო ოფისი",405670000
949178,ესთეტიკ სმაილი სხვა,400342036
949695,ჰელს ინვესტმენტი შპს,400460498
